antecedent,consequent,confidence
"['非诚', '喜欢']",['勿扰'],0.9773462783171522
['非诚'],['勿扰'],0.9767190037899296
"['非诚', '真诚']",['勿扰'],0.9705882352941176
"['非诚', '希望']",['勿扰'],0.9689119170984456
['不离'],['不弃'],0.9677002583979328
['与子偕老'],['执子之手'],0.9436201780415431
['不弃'],['不离'],0.9100850546780073
['能量'],['正'],0.8970588235294118
['体重'],['身高'],0.8903345724907064
['往后'],['余生'],0.882051282051282
"['看书', '希望']",['喜欢'],0.8452380952380952
"['音乐', '希望']",['喜欢'],0.8160919540229885
"['音乐', '旅游']",['喜欢'],0.815
['执子之手'],['与子偕老'],0.8050632911392405
['看书'],['喜欢'],0.8020477815699659
"['旅游', '性格']",['喜欢'],0.7739130434782608
"['运动', '旅游']",['喜欢'],0.7679558011049724
['唱歌'],['喜欢'],0.7671711292200233
"['旅游', '希望']",['喜欢'],0.7662061636556854
['音乐'],['喜欢'],0.7647058823529411
['爬山'],['喜欢'],0.7590361445783133
"['旅游', '善良']",['喜欢'],0.7525773195876289
['共度'],['余生'],0.7465508431272355
"['旅游', '工作']",['喜欢'],0.7452631578947368
['游泳'],['喜欢'],0.7432098765432099
"['旅游', '生活']",['喜欢'],0.7416918429003021
['有车'],['有房'],0.741304347826087
['消息'],['会员'],0.7381974248927039
"['共度', '希望']",['余生'],0.7329910141206675
['旅游'],['喜欢'],0.7324304538799414
['美食'],['喜欢'],0.7271487039563438
['电影'],['喜欢'],0.7200520833333334
['温和'],['性格'],0.7168021680216802
"['运动', '生活']",['喜欢'],0.7098214285714286
['运动'],['喜欢'],0.7054220234768027
"['运动', '希望']",['喜欢'],0.7024922118380063
['正直'],['善良'],0.6972111553784861
"['另一半', '生活']",['希望'],0.6939820742637645
"['平时', '希望']",['喜欢'],0.6908127208480566
['平时'],['喜欢'],0.689327485380117
"['抽烟', '希望']",['喝酒'],0.6875
"['另一半', '喜欢']",['希望'],0.6857949200376293
['抽烟'],['喝酒'],0.6843393148450244
"['喝酒', '希望']",['抽烟'],0.684331797235023
"['抽烟', '喜欢']",['喝酒'],0.6771929824561403
['失败'],['婚姻'],0.6762225969645869
"['性格', '另一半']",['希望'],0.6704545454545454
['专一'],['感情'],0.6676860346585117
"['未来', '喜欢']",['希望'],0.6673114119922631
"['稳定', '希望']",['工作'],0.6649122807017543
"['喝酒', '喜欢']",['抽烟'],0.6643717728055077
['健身'],['喜欢'],0.6641901931649331
"['另一半', '工作']",['希望'],0.6641221374045801
['喝酒'],['抽烟'],0.6621941594317285
"['成熟', '喜欢']",['稳重'],0.6570796460176991
['回复'],['会员'],0.6536144578313253
"['稳重', '喜欢']",['成熟'],0.649890590809628
['信息'],['会员'],0.644106463878327
['安静'],['喜欢'],0.6434892541087232
"['成熟', '希望']",['稳重'],0.640728476821192
"['旅游', '爱']",['喜欢'],0.6405353728489483
['旅行'],['喜欢'],0.6402877697841727
"['勿扰', '真诚']",['非诚'],0.6387096774193548
"['稳重', '希望']",['成熟'],0.6375617792421746
"['另一半', '善良']",['希望'],0.6330275229357798
['稳定'],['工作'],0.61974649766511
['人心'],['白首'],0.6189591078066915
['成熟'],['稳重'],0.6180758017492711
"['勿扰', '希望']",['非诚'],0.6171617161716172
['稳重'],['成熟'],0.6048502139800286
"['未来', '生活']",['希望'],0.6037414965986394
['勿扰'],['非诚'],0.5945945945945946
['另一半'],['希望'],0.5752323536799799
['有趣'],['灵魂'],0.5719360568383659
['白首'],['人心'],0.5634517766497462
['正'],['三观'],0.5622817229336438
['平台'],['希望'],0.5615292712066906
"['勿扰', '喜欢']",['非诚'],0.5582255083179297
['相互理解'],['包容'],0.5570032573289903
"['运动', '爱']",['喜欢'],0.55
['责任'],['担当'],0.5443349753694581
['收入'],['稳定'],0.5423228346456693
['有房'],['有车'],0.5412698412698412
['平淡'],['生活'],0.5404040404040404
['干净'],['爱'],0.5365448504983389
"['干净', '喜欢']",['爱'],0.5358361774744027
['享受'],['生活'],0.5347593582887701
['做饭'],['喜欢'],0.5334075723830735
['贤惠'],['温柔'],0.5246800731261426
['疼'],['爱'],0.5108153078202995
['学习'],['喜欢'],0.5017605633802817
['随和'],['性格'],0.4896449704142012
['干净'],['喜欢'],0.4867109634551495
"['干净', '爱']",['喜欢'],0.48606811145510836
['未来'],['希望'],0.4818271119842829
"['简单', '喜欢']",['生活'],0.47144456886898095
['度过'],['余生'],0.46938775510204084
"['真心', '喜欢']",['希望'],0.4693548387096774
['抽烟'],['喜欢'],0.46492659053833607
"['抽烟', '喝酒']",['喜欢'],0.4600715137067938
['喝酒'],['喜欢'],0.4585635359116022
"['简单', '希望']",['生活'],0.45758661887694146
"['成熟', '稳重']",['希望'],0.4563679245283019
"['另一半', '生活']",['喜欢'],0.45454545454545453
"['责任心', '喜欢']",['希望'],0.45415472779369626
"['善良', '生活']",['希望'],0.45387062566277836
"['温柔', '希望']",['善良'],0.45336481700118064
"['真诚', '喜欢']",['希望'],0.44348894348894347
['有缘人'],['希望'],0.4418848167539267
"['性格', '生活']",['喜欢'],0.4417721518987342
['上进心'],['希望'],0.44096728307254623
['成熟'],['希望'],0.4402332361516035
"['温柔', '喜欢']",['善良'],0.4339908952959029
['理解'],['包容'],0.4337979094076655
['稳重'],['希望'],0.43295292439372324
"['真诚', '善良']",['希望'],0.4303201506591337
"['性格', '生活']",['希望'],0.4278481012658228
"['性格', '工作']",['喜欢'],0.4256926952141058
['爱好'],['喜欢'],0.42424242424242425
"['余生', '喜欢']",['希望'],0.42128279883381925
['三观'],['希望'],0.4200944032366824
['孝顺'],['希望'],0.41935483870967744
['携手'],['希望'],0.41812865497076024
['责任心'],['希望'],0.41762452107279696
"['温柔', '善良']",['希望'],0.4164859002169197
['温和'],['希望'],0.4159891598915989
['美食'],['旅游'],0.4147339699863574
"['平时', '喜欢']",['希望'],0.4146341463414634
['平时'],['希望'],0.4137426900584795
['善解人意'],['希望'],0.413516609392898
['电影'],['希望'],0.4127604166666667
"['性格', '工作']",['希望'],0.4105793450881612
['性格开朗'],['喜欢'],0.4099855976956313
['温柔'],['善良'],0.408506867523261
"['稳定', '工作']",['希望'],0.40796555435952636
"['善良', '生活']",['喜欢'],0.40721102863202546
"['性格', '善良']",['希望'],0.40654843110504774
"['看书', '喜欢']",['希望'],0.40283687943262414
['热爱生活'],['喜欢'],0.4025974025974026
['担当'],['希望'],0.4025641025641026
['幽默'],['喜欢'],0.4009546539379475
"['工作', '喜欢']",['希望'],0.3998703823720026
['乐观'],['希望'],0.3986371379897785
"['性格', '善良']",['喜欢'],0.39836289222373805
['共度'],['希望'],0.39805825242718446
"['性格开朗', '希望']",['喜欢'],0.3975741239892183
"['简单', '生活']",['喜欢'],0.3975448536355052
['顾家'],['希望'],0.3961904761904762
['简单'],['生活'],0.3958878504672897
"['善良', '爱']",['希望'],0.3949685534591195
"['性格', '喜欢']",['希望'],0.39473684210526316
"['工作', '生活']",['希望'],0.3946980854197349
['孝顺'],['善良'],0.3946236559139785
"['余生', '希望']",['共度'],0.39433701657458564
['有缘'],['希望'],0.39429530201342283
['家庭'],['希望'],0.39268680445151033
['体贴'],['希望'],0.3919270833333333
['平凡'],['生活'],0.3911290322580645
"['共度', '余生']",['希望'],0.39082819986310746
"['真诚', '喜欢']",['善良'],0.3906633906633907
['灵魂'],['有趣'],0.3893591293833132
"['善良', '喜欢']",['希望'],0.38873994638069703
"['性格', '希望']",['喜欢'],0.3880190605854323
"['生活', '喜欢']",['希望'],0.38729068269643624
['合适'],['希望'],0.3861154446177847
"['音乐', '喜欢']",['旅游'],0.3857988165680473
['专一'],['希望'],0.38328236493374107
['会员'],['信息'],0.38308457711442784
['幽默'],['希望'],0.383054892601432
['真诚'],['希望'],0.3823274617383771
['看书'],['希望'],0.3822525597269625
['阳光'],['希望'],0.3817012151536812
"['简单', '希望']",['喜欢'],0.3811230585424134
['稳定'],['希望'],0.3802535023348899
['爱心'],['希望'],0.37710084033613445
['开朗'],['希望'],0.3768285547103569
['温柔'],['希望'],0.37527691626052284
['性格'],['希望'],0.3741721854304636
['正'],['希望'],0.37369033760186265
['大方'],['希望'],0.3734793187347932
['包容'],['希望'],0.3708791208791209
"['工作', '生活']",['喜欢'],0.3703976435935199
['开朗'],['喜欢'],0.36863662960795784
['性格'],['喜欢'],0.36780438104941415
['稳定'],['收入'],0.3675783855903936
['收入'],['工作'],0.3661417322834646
['热爱生活'],['希望'],0.3654916512059369
['相互'],['希望'],0.3641755634638197
['音乐'],['旅游'],0.36199095022624433
"['未来', '希望']",['生活'],0.36187563710499493
"['简单', '生活']",['希望'],0.3616619452313503
['相处'],['希望'],0.3611713665943601
['善良'],['希望'],0.36080178173719374
"['旅游', '喜欢']",['希望'],0.36031984007996004
['运动'],['希望'],0.3588596981553941
['独立'],['希望'],0.3587719298245614
['看书'],['旅游'],0.3583617747440273
['健康'],['生活'],0.3578826237054085
['不良嗜好'],['希望'],0.35764235764235763
"['运动', '喜欢']",['希望'],0.3573692551505547
"['简单', '喜欢']",['希望'],0.3572228443449048
['性格开朗'],['希望'],0.3562169947191551
['工作'],['希望'],0.3560860130203196
['正'],['能量'],0.3550640279394645
"['抽烟', '喝酒']",['希望'],0.3539928486293206
['抽烟'],['希望'],0.3523654159869494
['干净'],['希望'],0.3521594684385382
"['未来', '希望']",['喜欢'],0.3516819571865443
"['成熟', '稳重']",['喜欢'],0.35023584905660377
['身高'],['体重'],0.34963503649635036
"['爱', '生活']",['希望'],0.3496143958868895
['不良嗜好'],['喜欢'],0.34865134865134867
['感情'],['希望'],0.3482820976491863
['理解'],['希望'],0.3475609756097561
['伴侣'],['希望'],0.34701492537313433
['女儿'],['希望'],0.3467465753424658
"['性格开朗', '喜欢']",['希望'],0.34543325526932084
"['真诚', '希望']",['善良'],0.34516616314199394
"['生活', '希望']",['喜欢'],0.3446694688574704
['旅游'],['希望'],0.3444363103953148
['心地善良'],['希望'],0.3431372549019608
['喝酒'],['希望'],0.3425414364640884
"['工作', '希望']",['喜欢'],0.34182825484764545
['乐观'],['喜欢'],0.34071550255536626
['健康'],['希望'],0.34062140391254314
['爱好'],['希望'],0.3385780885780886
['踏实'],['希望'],0.338389731621937
['余生'],['共度'],0.3371797830602354
"['音乐', '喜欢']",['希望'],0.336094674556213
['父母'],['希望'],0.3360840210052513
"['爱', '生活']",['喜欢'],0.33590402742073694
['陪伴'],['希望'],0.3356401384083045
['离异'],['希望'],0.33532284319045036
['收入'],['希望'],0.3346456692913386
['独立'],['喜欢'],0.33421052631578946
['余生'],['希望'],0.3341795522732518
"['另一半', '喜欢']",['生活'],0.3339604891815616
['简单'],['喜欢'],0.3338317757009346
['健康'],['喜欢'],0.333716915995397
['唱歌'],['旅游'],0.3317811408614668
"['运动', '喜欢']",['旅游'],0.3304278922345483
['生活'],['希望'],0.3303458722544812
['成熟'],['喜欢'],0.3294460641399417
['阳光'],['喜欢'],0.3288062902072909
['身体健康'],['喜欢'],0.3287981859410431
"['爱', '喜欢']",['希望'],0.3282051282051282
['相伴'],['希望'],0.3279569892473118
['善解人意'],['喜欢'],0.32646048109965636
['婚姻'],['希望'],0.3264
"['工作', '喜欢']",['生活'],0.32598833441348024
['稳重'],['喜欢'],0.325962910128388
['三观'],['正'],0.3256911665542819
['真心'],['希望'],0.3254511512134412
['美好'],['生活'],0.32495667244367415
['父母'],['工作'],0.32408102025506375
['快乐'],['生活'],0.3232104121475054
"['责任心', '希望']",['喜欢'],0.32313965341488277
['平时'],['工作'],0.3230994152046784
['做饭'],['希望'],0.32293986636971045
['美好'],['希望'],0.3214904679376083
['懂'],['希望'],0.3213038416763679
['朋友'],['喜欢'],0.3191881918819188
['相处'],['喜欢'],0.3188720173535792
"['另一半', '希望']",['喜欢'],0.3183406113537118
['爱心'],['善良'],0.3182773109243697
['经历'],['希望'],0.31701444622792935
['音乐'],['希望'],0.31493212669683257
['孩子'],['希望'],0.31414634146341464
['非诚'],['希望'],0.3134813210611803
"['爱', '希望']",['喜欢'],0.31334149326805383
['简单'],['希望'],0.3128971962616822
['担当'],['责任心'],0.3121794871794872
['懂得'],['希望'],0.3114909781576448
"['非诚', '勿扰']",['希望'],0.31097560975609756
"['温柔', '善良']",['喜欢'],0.31019522776572667
['朋友'],['希望'],0.30996309963099633
['温暖'],['希望'],0.30932594644506
['时间'],['希望'],0.3082077051926298
['人品'],['希望'],0.3067375886524823
['真诚'],['善良'],0.30667051689286745
['工作'],['喜欢'],0.30439928980074965
['喜欢'],['希望'],0.30374280230326295
['运动'],['旅游'],0.3035215204024595
['退休'],['喜欢'],0.3034433285509326
['运动'],['爱'],0.3018446059250978
['结婚'],['希望'],0.3014705882352941
['爱心'],['喜欢'],0.3014705882352941
['顾家'],['喜欢'],0.30095238095238097
['身高'],['希望'],0.3007299270072993
['陪'],['希望'],0.300187617260788
['勿扰'],['希望'],0.2996044825313118
"['真诚', '善良']",['喜欢'],0.2994350282485876
"['善良', '希望']",['喜欢'],0.29835390946502055
['懂得'],['珍惜'],0.2972459639126306
['收入'],['喜欢'],0.297244094488189
['责任心'],['喜欢'],0.29714772243507875
"['工作', '希望']",['生活'],0.2969529085872576
['独立'],['生活'],0.2956140350877193
['身高'],['工作'],0.2948905109489051
['内心'],['希望'],0.2946020128087832
['家'],['希望'],0.2943121693121693
['生活'],['喜欢'],0.2939914163090129
['专一'],['喜欢'],0.29357798165137616
['乐观'],['开朗'],0.293015332197615
['年龄'],['希望'],0.29257425742574256
['温柔'],['喜欢'],0.2919805050952592
['携手'],['余生'],0.2916666666666667
['快乐'],['希望'],0.2913955169920463
['一生'],['希望'],0.2913085004775549
['努力'],['希望'],0.2903225806451613
['未来'],['生活'],0.2888015717092338
['努力'],['生活'],0.2873900293255132
['稳定'],['喜欢'],0.28619079386257507
['退休'],['希望'],0.2855093256814921
"['喜欢', '希望']",['生活'],0.28499210110584516
['幸福'],['希望'],0.2839903459372486
['担当'],['责任'],0.2833333333333333
['爱好'],['旅游'],0.28146853146853146
['父母'],['喜欢'],0.2813203300825206
['三观'],['喜欢'],0.28118678354686444
['相互'],['包容'],0.27995255041518385
['经历'],['生活'],0.27929373996789725
"['真心', '希望']",['喜欢'],0.27820267686424477
['女儿'],['工作'],0.2773972602739726
['善良'],['喜欢'],0.2769116555308092
['开朗'],['性格'],0.2744294909303686
['担当'],['喜欢'],0.27307692307692305
['家庭'],['生活'],0.27291997880233176
['热爱生活'],['生活'],0.2727272727272727
"['真诚', '希望']",['喜欢'],0.2726586102719033
['懂得'],['生活'],0.2725546058879392
['乐观'],['生活'],0.27001703577512776
['音乐'],['生活'],0.269683257918552
['人品'],['善良'],0.2695035460992908
['懂'],['爱'],0.2689173457508731
['工作'],['生活'],0.26790293943578614
['身高'],['喜欢'],0.2678832116788321
['爱情'],['希望'],0.26773566569484936
['女儿'],['生活'],0.2671232876712329
['另一半'],['喜欢'],0.26701833710123085
['内心'],['喜欢'],0.26623970722781337
['退休'],['工作'],0.2661406025824964
['退休'],['生活'],0.2654232424677188
['时间'],['喜欢'],0.26521496370742603
['爱'],['希望'],0.264958650883736
['担当'],['善良'],0.26474358974358975
['家庭'],['喜欢'],0.26338102808691044
['干净'],['生活'],0.2632890365448505
['责任心'],['善良'],0.25883354618986804
['过日子'],['希望'],0.25785854616895876
['缘分'],['希望'],0.25754060324825984
"['善良', '喜欢']",['生活'],0.257372654155496
['人生'],['希望'],0.25598591549295774
['阳光'],['生活'],0.2551822730521801
['感情'],['喜欢'],0.2549728752260398
['过日子'],['真心'],0.2549115913555992
['婚姻'],['生活'],0.2544
['平时'],['生活'],0.2543859649122807
['未来'],['喜欢'],0.2539292730844794
['女儿'],['喜欢'],0.2534246575342466
['爱'],['喜欢'],0.2529592994973245
"['运动', '喜欢']",['生活'],0.2519809825673534
['心'],['希望'],0.25166051660516603
"['爱', '喜欢']",['生活'],0.2512820512820513
['运动'],['生活'],0.2504192286193404
['珍惜'],['希望'],0.2498611882287618
['幸福'],['生活'],0.249798873692679
"['爱', '希望']",['生活'],0.24969400244798043
"['性格', '喜欢']",['旅游'],0.24653739612188366
"['旅游', '喜欢']",['生活'],0.24537731134432783
['乐观'],['善良'],0.2453151618398637
"['善良', '喜欢']",['旅游'],0.24463806970509383
['女儿'],['离异'],0.2440068493150685
['相互'],['喜欢'],0.24258600237247924
['年龄'],['喜欢'],0.24257425742574257
['旅游'],['生活'],0.24231332357247437
['抽烟'],['工作'],0.24225122349102773
"['性格', '喜欢']",['生活'],0.24168975069252077
['父母'],['生活'],0.2415603900975244
"['性格', '希望']",['另一半'],0.24098025867937373
['家庭'],['工作'],0.2379438261791203
['感情'],['专一'],0.23688969258589512
"['另一半', '希望']",['生活'],0.2366812227074236
['孩子'],['生活'],0.23609756097560974
['相伴'],['余生'],0.2357910906298003
"['运动', '喜欢']",['爱'],0.2353407290015848
['孩子'],['喜欢'],0.23512195121951218
"['善良', '希望']",['真诚'],0.23508230452674897
['真诚'],['喜欢'],0.23505630955818654
['爱好'],['生活'],0.23484848484848486
"['性格', '喜欢']",['工作'],0.23407202216066483
['相互'],['生活'],0.23368920521945433
['希望'],['喜欢'],0.23330384785493144
['经历'],['婚姻'],0.23274478330658105
['相伴'],['一生'],0.23195084485407066
"['喜欢', '希望']",['另一半'],0.23033175355450236
"['性格', '希望']",['生活'],0.23008849557522124
"['工作', '喜欢']",['旅游'],0.22942320155541154
['包容'],['理解'],0.22802197802197802
"['喜欢', '希望']",['旅游'],0.22780410742496052
['寻找'],['希望'],0.22655826558265582
['快乐'],['喜欢'],0.22415039768618944
['平时'],['旅游'],0.2236842105263158
['喜欢'],['生活'],0.22351247600767754
['稳定'],['生活'],0.22348232154769845
['离异'],['工作'],0.2224633749321758
"['性格', '希望']",['工作'],0.22191967324710687
['平时'],['性格'],0.22076023391812866
['世界'],['希望'],0.22046109510086456
"['善良', '希望']",['生活'],0.22016460905349794
['包容'],['喜欢'],0.21978021978021978
['期待'],['希望'],0.21946795646916567
"['工作', '喜欢']",['性格'],0.21905379131561892
['心'],['善良'],0.21845018450184503
['懂'],['喜欢'],0.2171129220023283
['包容'],['相互'],0.21611721611721613
"['生活', '喜欢']",['工作'],0.21597252039501932
"['爱', '喜欢']",['旅游'],0.21474358974358973
['懂'],['生活'],0.21420256111757857
['婚姻'],['失败'],0.21386666666666668
"['善良', '喜欢']",['真诚'],0.2131367292225201
['运动'],['工作'],0.21240916713247623
['爱好'],['工作'],0.21153846153846154
"['生活', '喜欢']",['旅游'],0.2108200944611421
['稳重'],['责任心'],0.21041369472182597
"['工作', '希望']",['稳定'],0.20997229916897506
['家'],['喜欢'],0.20899470899470898
"['旅游', '喜欢']",['运动'],0.20839580209895053
['时间'],['工作'],0.20770519262981574
['责任心'],['担当'],0.20732226479352917
"['生活', '希望']",['另一半'],0.20710737485670616
['运动'],['善良'],0.20570150922302963
"['生活', '希望']",['工作'],0.20481467329002676
['离异'],['喜欢'],0.20401519262072706
['稳重'],['善良'],0.20328102710413695
"['性格', '希望']",['善良'],0.20285908781484002
['时间'],['生活'],0.20268006700167504
['性格'],['工作'],0.2022414671421294
"['性格', '喜欢']",['善良'],0.20221606648199447
['开朗'],['乐观'],0.20128730251609128
"['爱', '喜欢']",['干净'],0.2012820512820513
['性格'],['生活'],0.2012226184411615
['期待'],['生活'],0.2007255139056832
['爱情'],['生活'],0.2001943634596696
"['余生', '希望']",['喜欢'],0.19958563535911603
['旅游'],['运动'],0.19875549048316252
['伴侣'],['生活'],0.19838308457711443
['人生'],['生活'],0.19788732394366196
['三观'],['生活'],0.19757248819959541
"['善良', '希望']",['温柔'],0.19753086419753085
['朋友'],['生活'],0.1974169741697417
['善良'],['真诚'],0.19710467706013363
['感情'],['生活'],0.19638336347197108
['会员'],['回复'],0.19629127091813658
['另一半'],['生活'],0.1961818638533032
"['善良', '喜欢']",['性格'],0.19571045576407506
['开朗'],['善良'],0.1954359274429491
"['喜欢', '希望']",['工作'],0.19494470774091627
['孩子'],['工作'],0.19414634146341464
['家'],['生活'],0.19378306878306878
['开朗'],['生活'],0.19368051492100644
['温柔'],['性格'],0.19361984935755427
['希望'],['生活'],0.19290874244434617
['真心'],['喜欢'],0.19290603609209708
"['工作', '希望']",['另一半'],0.192797783933518
"['爱', '希望']",['善良'],0.19216646266829865
['喜欢'],['旅游'],0.1920345489443378
['平台'],['喜欢'],0.1917562724014337
"['善良', '喜欢']",['温柔'],0.19168900804289543
['离异'],['勿扰'],0.1915355398806294
['离异'],['孩子'],0.1915355398806294
['旅游'],['爱'],0.19143484626647145
['爱好'],['性格'],0.19114219114219114
"['爱', '喜欢']",['运动'],0.19038461538461537
['爱'],['生活'],0.18923301443165233
['离异'],['生活'],0.18827997829625612
['珍惜'],['生活'],0.18711826762909495
['共度'],['善良'],0.18702095043433828
['性格'],['善良'],0.18670402445236883
['年龄'],['工作'],0.18613861386138614
['结婚'],['喜欢'],0.18382352941176472
['未来'],['另一半'],0.18369351669941061
['工作'],['稳定'],0.18327086210297888
"['喜欢', '希望']",['善良'],0.18325434439178515
['伴侣'],['喜欢'],0.1828358208955224
['包容'],['生活'],0.18269230769230768
['寻找'],['另一半'],0.1826558265582656
"['旅游', '喜欢']",['善良'],0.18240879560219891
['担当'],['生活'],0.18205128205128204
"['生活', '喜欢']",['简单'],0.1807642765135251
"['工作', '希望']",['性格'],0.18060941828254848
"['喜欢', '希望']",['性格'],0.18009478672985782
['共度'],['喜欢'],0.17833418497700562
['勿扰'],['喜欢'],0.17831245880026367
['平台'],['余生'],0.17801672640382318
"['旅游', '喜欢']",['性格'],0.17791104447776113
['旅游'],['善良'],0.17752562225475843
"['善良', '希望']",['另一半'],0.17746913580246915
['爱情'],['爱'],0.17735665694849367
['爱好'],['运动'],0.17715617715617715
"['旅游', '喜欢']",['工作'],0.17691154422788605
['旅游'],['爱好'],0.1767935578330893
['婚姻'],['喜欢'],0.17653333333333332
['责任心'],['生活'],0.17581949765857813
['善良'],['生活'],0.17501855976243505
['包容'],['爱'],0.1749084249084249
['旅游'],['工作'],0.17386530014641288
['珍惜'],['懂得'],0.17379233759022766
['期待'],['喜欢'],0.17291414752116083
['孩子'],['离异'],0.1721951219512195
['真诚'],['生活'],0.17210511117528154
['生活'],['工作'],0.17142135824286797
['善良'],['温柔'],0.17112100965107646
['运动'],['爱好'],0.16992733370598098
['结婚'],['勿扰'],0.16911764705882354
['包容'],['善良'],0.16895604395604397
['希望'],['另一半'],0.16880436385080347
['性格开朗'],['善良'],0.1685069611137782
['旅游'],['性格'],0.1683748169838946
"['生活', '喜欢']",['爱'],0.1683125805066552
"['旅游', '喜欢']",['爱'],0.16741629185407297
"['非诚', '勿扰']",['喜欢'],0.1674057649667406
['非诚'],['喜欢'],0.1672983216025988
['运动'],['性格'],0.16657350475125768
['懂'],['余生'],0.16647264260768335
['温柔'],['生活'],0.16614975631369075
['非诚'],['真诚'],0.165674066053059
['幸福'],['爱'],0.16532582461786002
['结婚'],['工作'],0.16498161764705882
"['生活', '喜欢']",['善良'],0.16487762988407043
"['非诚', '勿扰']",['真诚'],0.16463414634146342
['会员'],['希望'],0.16372682044323836
"['生活', '希望']",['善良'],0.16354604508979748
"['旅游', '喜欢']",['音乐'],0.1629185407296352
['家庭'],['性格'],0.16269210386857447
['珍惜'],['爱'],0.16213214880621876
"['喜欢', '希望']",['爱'],0.1617693522906793
"['善良', '希望']",['爱'],0.16152263374485595
['真心'],['过日子'],0.16148102053515867
['寻找'],['生活'],0.16097560975609757
['责任心'],['另一半'],0.15964240102171137
['余生'],['喜欢'],0.1583198707592892
['爱情'],['喜欢'],0.15792031098153547
['家庭'],['爱'],0.1568627450980392
['工作'],['性格'],0.15663839021503256
['感情'],['爱'],0.1566003616636528
['包容'],['相互理解'],0.1565934065934066
"['生活', '希望']",['爱'],0.15590370653419947
['会员'],['消息'],0.1555857078245138
['婚姻'],['经历'],0.15466666666666667
['离异'],['女儿'],0.15463917525773196
"['另一半', '希望']",['性格'],0.15458515283842794
['感情'],['善良'],0.15443037974683543
['一生'],['爱'],0.15425023877745941
['婚姻'],['爱'],0.15413333333333334
['性格开朗'],['生活'],0.1541046567450792
['性格开朗'],['爱'],0.1541046567450792
['家庭'],['善良'],0.15368309485956544
"['善良', '希望']",['性格'],0.15329218106995884
['勿扰'],['真诚'],0.15326301911667764
['简单'],['善良'],0.15289719626168224
['余生'],['生活'],0.15255019616893606
"['生活', '喜欢']",['另一半'],0.15242593387720052
['性格开朗'],['旅游'],0.15218434949591936
['婚姻'],['爱情'],0.152
"['另一半', '希望']",['工作'],0.15196506550218342
['责任心'],['性格'],0.15070242656449553
"['另一半', '希望']",['善良'],0.15065502183406113
"['生活', '喜欢']",['性格'],0.1498497209102619
['余生'],['善良'],0.1497807523655666
['喜欢'],['爱'],0.14971209213051823
['孩子'],['爱'],0.14926829268292682
['真心'],['另一半'],0.14903546981953952
['年龄'],['生活'],0.149009900990099
['幸福'],['喜欢'],0.14883346741753822
['责任心'],['工作'],0.14814814814814814
['喜欢'],['工作'],0.1480806142034549
['善良'],['爱'],0.1475501113585746
['生活'],['爱'],0.14731128502903307
['旅游'],['音乐'],0.14641288433382138
"['生活', '希望']",['简单'],0.14635078333970195
['温柔'],['爱'],0.14576871953921133
['一生'],['喜欢'],0.14469914040114612
['一生'],['相伴'],0.14422158548233047
['希望'],['善良'],0.14329942503317117
['喜欢'],['善良'],0.14318618042226489
"['喜欢', '希望']",['运动'],0.14249605055292258
['真心'],['生活'],0.14125700062227753
['勿扰'],['工作'],0.14073829927488465
['结婚'],['生活'],0.1401654411764706
['简单'],['工作'],0.13869158878504673
['喜欢'],['性格'],0.13857965451055662
['爱情'],['婚姻'],0.13848396501457727
['性格开朗'],['工作'],0.13778204512722037
['余生'],['爱'],0.13731825525040386
['另一半'],['善良'],0.1369002763124843
"['生活', '喜欢']",['运动'],0.1365392872477458
['人生'],['喜欢'],0.13626760563380283
['善良'],['性格'],0.1360430586488493
"['生活', '希望']",['未来'],0.13565150936186474
['包容'],['余生'],0.13553113553113552
['性格'],['温和'],0.1347427407030056
['性格'],['另一半'],0.13448802852776362
['勿扰'],['生活'],0.13447593935398813
['真诚'],['勿扰'],0.1342766387525267
['生活'],['简单'],0.13367836404948247
['希望'],['工作'],0.1330532212885154
['另一半'],['性格'],0.13262999246420498
['真心'],['爱'],0.13223397635345363
['另一半'],['工作'],0.13162521979402161
['责任心'],['爱'],0.13026819923371646
"['生活', '希望']",['性格'],0.12915552158960641
['简单'],['爱'],0.12897196261682242
['爱'],['善良'],0.1289119507053673
['勿扰'],['善良'],0.12854317732366513
['勿扰'],['真心'],0.12854317732366513
['真诚'],['工作'],0.12850129945134275
['性格'],['爱'],0.1281202241467142
['感情'],['性格'],0.12802893309222424
['工作'],['善良'],0.1276385874926021
['温柔'],['贤惠'],0.12715994683207799
['真诚'],['爱'],0.1261911637308692
['责任心'],['稳重'],0.12558535547041294
['人生'],['爱'],0.12535211267605634
"['喜欢', '希望']",['平时'],0.12353870458135861
['简单'],['真诚'],0.12149532710280374
['真心'],['勿扰'],0.12134411947728686
['责任心'],['余生'],0.12132822477650064
['勿扰'],['结婚'],0.12129202373104812
['勿扰'],['余生'],0.12129202373104812
['喜欢'],['运动'],0.12111324376199616
['善良'],['余生'],0.120452858203415
['希望'],['爱'],0.12044817927170869
['另一半'],['真心'],0.12032152725445867
['善良'],['工作'],0.12008166295471417
['性格'],['开朗'],0.11946001018848701
['生活'],['善良'],0.1190355970714466
['性格'],['旅游'],0.11716760061130922
['勿扰'],['离异'],0.11634805537244562
['感情'],['工作'],0.11609403254972875
['旅游'],['性格开朗'],0.11603221083455344
['旅游'],['看书'],0.11530014641288433
"['喜欢', '希望']",['真诚'],0.11406003159557662
['真心'],['余生'],0.1132545115121344
['善良'],['责任心'],0.11284335560504825
['旅游'],['平时'],0.11200585651537336
['性格'],['温柔'],0.11130922058074376
['旅游'],['美食'],0.11127379209370425
['真心'],['善良'],0.11107654013690106
['真诚'],['另一半'],0.11030898065261334
['旅游'],['另一半'],0.10980966325036604
"['喜欢', '希望']",['未来'],0.10900473933649289
['希望'],['性格'],0.10828541943093027
['感情'],['另一半'],0.1081374321880651
['真诚'],['余生'],0.10771007796708057
['希望'],['余生'],0.1067374318148312
['真诚'],['性格'],0.10655501010684378
['简单'],['性格'],0.10616822429906542
['工作'],['爱'],0.10613533241270467
['勿扰'],['爱'],0.10481212920237311
['爱'],['干净'],0.10475109453543052
['旅游'],['唱歌'],0.10431918008784773
['感情'],['真诚'],0.10415913200723327
['工作'],['另一半'],0.10337344643913987
['喜欢'],['另一半'],0.10201535508637236
['善良'],['另一半'],0.10115070527097253
"['喜欢', '希望']",['简单'],0.10078988941548184
['另一半'],['爱'],0.10022607385079126
"['喜欢', '希望']",['责任心'],0.10015797788309637
['生活'],['性格'],0.09972229235041656
['生活'],['另一半'],0.09858621560212068
['希望'],['真诚'],0.0975969335102462
['勿扰'],['另一半'],0.0972313777191826
['爱'],['余生'],0.09648127128263337
['另一半'],['真诚'],0.09595579000251193
['另一半'],['责任心'],0.09419743782969103
['性格'],['真诚'],0.09398879266428935
['另一半'],['未来'],0.09394624466214518
['真诚'],['简单'],0.0938492636442391
['工作'],['旅游'],0.09370684553166304
"['喜欢', '希望']",['性格开朗'],0.09320695102685624
['余生'],['携手'],0.09208400646203554
"['喜欢', '希望']",['真心'],0.09194312796208531
"['喜欢', '希望']",['余生'],0.09131121642969985
['喜欢'],['平时'],0.09049904030710172
['性格'],['责任心'],0.09016811003565971
['性格'],['感情'],0.09016811003565971
['善良'],['旅游'],0.09001484780994803
['真心'],['真诚'],0.08991910392034848
"['喜欢', '希望']",['看书'],0.08973143759873618
"['喜欢', '希望']",['音乐'],0.08973143759873618
['工作'],['家庭'],0.08857762872361412
['真诚'],['非诚'],0.08836269130811435
['工作'],['真诚'],0.08778851844545275
['爱'],['运动'],0.08756283444138155
['爱'],['工作'],0.0872385276471542
['工作'],['平时'],0.08719668573683172
['另一半'],['余生'],0.08666164280331574
['余生'],['真诚'],0.08608354488806831
['喜欢'],['简单'],0.08570057581573896
['工作'],['父母'],0.08522391004142829
['余生'],['勿扰'],0.0849296099699977
['爱'],['旅游'],0.08480622669044917
['另一半'],['寻找'],0.08465209746294901
['性格'],['随和'],0.08430973000509424
['工作'],['勿扰'],0.08423752219372657
['余生'],['真心'],0.0840064620355412
['性格'],['余生'],0.08380030565461029
['生活'],['旅游'],0.08356475637465287
['性格'],['爱好'],0.08354559347936831
['真诚'],['真心'],0.083453652902108
['生活'],['余生'],0.0834385256248422
['真诚'],['感情'],0.08316488593704881
['喜欢'],['性格开朗'],0.081957773512476
['爱'],['性格'],0.08156315874817577
['喜欢'],['音乐'],0.08109404990403071
['工作'],['离异'],0.08088380351154074
['工作'],['身高'],0.07970013809429868
['余生'],['另一半'],0.07962150934687284
['余生'],['往后'],0.07939072236325871
['善良'],['感情'],0.07925018559762435
['工作'],['孩子'],0.07851647267705662
['生活'],['幸福'],0.07838929563241606
['性格'],['家庭'],0.0781966377992868
['喜欢'],['真诚'],0.0781190019193858
['希望'],['真心'],0.07710452602093469
['性格'],['平时'],0.07692307692307693
['善良'],['担当'],0.07665181885671864
['余生'],['性格'],0.07592891760904685
['善良'],['简单'],0.075909428359317
['性格'],['运动'],0.07590422822210902
['另一半'],['旅游'],0.07535795026375283
['生活'],['真诚'],0.07523352688714971
['另一半'],['感情'],0.07510675709620698
['工作'],['运动'],0.07496547642533044
['爱'],['懂'],0.07491486946651532
['生活'],['未来'],0.07422368088866448
['工作'],['年龄'],0.07417636614716906
['另一半'],['勿扰'],0.07410198442602361
['余生'],['工作'],0.07362104777290561
['工作'],['时间'],0.0733872558690077
['工作'],['收入'],0.0733872558690077
['工作'],['简单'],0.07318997829946736
['工作'],['退休'],0.07318997829946736
['善良'],['勿扰'],0.07238307349665925
['性格'],['简单'],0.07233825776872134
['希望'],['未来'],0.07231313578062804
['希望'],['责任心'],0.07231313578062804
['工作'],['爱好'],0.0716117577431446
['希望'],['感情'],0.07098628925254312
['生活'],['人生'],0.07094168139358747
['爱'],['真诚'],0.07086103453867358
['余生'],['相伴'],0.07085160396953612
['工作'],['结婚'],0.07082264746498323
['爱'],['感情'],0.0702124209502189
['喜欢'],['爱好'],0.06986564299424185
['希望'],['旅游'],0.06936458794043933
['希望'],['平台'],0.06929087424443461
['余生'],['度过'],0.06900530810062312
['爱'],['真心'],0.06891519377330955
['余生'],['平台'],0.068774521117009
['工作'],['责任心'],0.06865259420003945
['生活'],['感情'],0.06854329714718506
['善良'],['包容'],0.06848552338530067
['余生'],['包容'],0.06831294714978076
['善良'],['运动'],0.06829992576095026
['善良'],['孝顺'],0.06811432813659986
['善良'],['共度'],0.06792873051224944
['喜欢'],['看书'],0.06765834932821498
['喜欢'],['感情'],0.06765834932821498
['希望'],['勿扰'],0.06700574966828837
['喜欢'],['责任心'],0.06698656429942418
['爱'],['幸福'],0.06664504621371818
['善良'],['真心'],0.06625835189309577
['余生'],['懂'],0.06600507731363951
['喜欢'],['余生'],0.06583493282149712
['余生'],['责任心'],0.06577429033002538
['善良'],['性格开朗'],0.06514476614699331
['生活'],['家庭'],0.06500883615248675
['善良'],['正直'],0.06495916852264291
['爱'],['另一半'],0.06469920544835414
['工作'],['女儿'],0.06391793253107121
['工作'],['感情'],0.06332609982245019
['喜欢'],['温柔'],0.06324376199616123
['喜欢'],['唱歌'],0.06324376199616123
['工作'],['余生'],0.0629315446833695
['希望'],['温柔'],0.06243550051599587
['善良'],['开朗'],0.061989606533036375
['爱'],['包容'],0.06194259769742176
['希望'],['简单'],0.061698363555948696
['生活'],['孩子'],0.06109568290835648
['喜欢'],['开朗'],0.060460652591170824
['生活'],['婚姻'],0.0602120676596819
['希望'],['包容'],0.059708093763821316
['喜欢'],['真心'],0.05950095969289827
['爱'],['爱情'],0.05918598994648938
['工作'],['抽烟'],0.05859143815348195
['爱'],['人生'],0.057726609372466355
['希望'],['共度'],0.05742296918767507
['生活'],['真心'],0.05730876041403686
['工作'],['性格开朗'],0.05661866245807852
['生活'],['运动'],0.05655137591517294
['生活'],['快乐'],0.05642514516536228
['善良'],['人品'],0.05642167780252413
['喜欢'],['干净'],0.056238003838771596
['善良'],['爱心'],0.05623608017817372
['爱'],['简单'],0.05594292200421599
['喜欢'],['喝酒'],0.05575815738963532
['善良'],['心'],0.05493689680772086
['喜欢'],['抽烟'],0.05470249520153551
['希望'],['性格开朗'],0.054695562435500514
['希望'],['家庭'],0.0546218487394958
['善良'],['家庭'],0.05382331106161841
['希望'],['人生'],0.05358985699542975
['善良'],['乐观'],0.053452115812917596
['爱'],['温柔'],0.053348467650397274
['喜欢'],['电影'],0.05307101727447217
['善良'],['稳重'],0.05289532293986637
['爱'],['一生'],0.05237554726771526
['生活'],['责任心'],0.05213329967180005
['爱'],['性格开朗'],0.05205124047348792
['希望'],['幸福'],0.05204186937933068
['生活'],['爱情'],0.0520070689219894
['喜欢'],['勿扰'],0.051919385796545106
['爱'],['勿扰'],0.05156478028214691
['生活'],['勿扰'],0.05150214592274678
['喜欢'],['美食'],0.05115163147792706
['生活'],['爱好'],0.050870992173693515
['生活'],['包容'],0.0503660691744509
['喜欢'],['朋友'],0.04980806142034549
['爱'],['疼'],0.04978109291389655
['生活'],['相互'],0.049734915425397624
['爱'],['责任心'],0.049618939516782874
['爱'],['孩子'],0.049618939516782874
['喜欢'],['未来'],0.04961612284069098
['生活'],['努力'],0.04948245392577632
['喜欢'],['安静'],0.04884836852207294
['希望'],['结婚'],0.048356184579094796
['爱'],['家庭'],0.04799740554564618
['喜欢'],['家庭'],0.04769673704414587
['希望'],['开朗'],0.047471620227038186
['希望'],['孩子'],0.047471620227038186
['爱'],['珍惜'],0.0473487919571915
['生活'],['温柔'],0.0473365311789952
['生活'],['美好'],0.0473365311789952
['希望'],['运动'],0.04732419283502875
['喜欢'],['年龄'],0.04702495201535509
['爱'],['婚姻'],0.046862331765850494
['生活'],['退休'],0.046705377429941936
['生活'],['懂'],0.046452915930320623
['希望'],['担当'],0.0462922010909627
['喜欢'],['孩子'],0.04625719769673704
['喜欢'],['包容'],0.046065259117082535
['喜欢'],['做饭'],0.04596928982725528
['希望'],['三观'],0.04592363261093911
['生活'],['时间'],0.04582176218126736
['喜欢'],['时间'],0.04558541266794626
['希望'],['离异'],0.04555506413091552
['希望'],['相互'],0.04526020934689665
['希望'],['婚姻'],0.045112781954887216
['生活'],['阳光'],0.045064377682403435
['希望'],['一生'],0.044965354562877785
['希望'],['稳重'],0.04474421347486363
['希望'],['成熟'],0.04452307238684948
['喜欢'],['阳光'],0.044145873320537425
['生活'],['经历'],0.04392830093410755
['生活'],['平时'],0.04392830093410755
['喜欢'],['稳重'],0.043857965451055664
['生活'],['离异'],0.043802070184296896
['希望'],['年龄'],0.04356479433878815
['喜欢'],['成熟'],0.04337811900191939
['喜欢'],['健身'],0.04289827255278311
['希望'],['爱好'],0.04282765737874097
['喜欢'],['旅行'],0.0427063339731286
['希望'],['非诚'],0.04268022998673154
['生活'],['独立'],0.042539762686190356
['生活'],['珍惜'],0.042539762686190356
['生活'],['稳定'],0.04228730118656905
['希望'],['携手'],0.04216423411469851
['希望'],['稳定'],0.04201680672268908
['生活'],['期待'],0.04190860893713708
['生活'],['开朗'],0.041782378187326434
['希望'],['平时'],0.041721951938670204
['喜欢'],['热爱生活'],0.04165067178502879
['喜欢'],['稳定'],0.041170825335892516
['希望'],['伴侣'],0.04113224237063246
['喜欢'],['担当'],0.04088291746641075
['希望'],['时间'],0.040689960194604156
['希望'],['懂'],0.040689960194604156
['生活'],['父母'],0.04064630143903055
['希望'],['爱情'],0.04061624649859944
['喜欢'],['退休'],0.04059500959692898
['生活'],['平淡'],0.040520070689219895
['生活'],['性格开朗'],0.040520070689219895
['生活'],['朋友'],0.040520070689219895
['生活'],['伴侣'],0.04026760918959859
['喜欢'],['三观'],0.04001919385796545
['生活'],['干净'],0.04001514768997728
['生活'],['乐观'],0.04001514768997728
['生活'],['女儿'],0.03938399394092401
['希望'],['阳光'],0.03936311366651924
['生活'],['健康'],0.039257763191113355
['喜欢'],['相互'],0.039251439539347406
['希望'],['过日子'],0.03869969040247678
['生活'],['结婚'],0.03850037869224943
['喜欢'],['结婚'],0.03838771593090211
['喜欢'],['乐观'],0.03838771593090211
['生活'],['年龄'],0.037995455693006816
['生活'],['享受'],0.03786922494319616
['生活'],['音乐'],0.037616763443574855
['生活'],['寻找'],0.0374905326937642
['希望'],['朋友'],0.03715170278637771
['喜欢'],['人生'],0.037140115163147795
['生活'],['热爱生活'],0.03711184044433224
['生活'],['三观'],0.03698560969452159
['生活'],['家'],0.03698560969452159
['生活'],['平凡'],0.03673314819490028
['喜欢'],['独立'],0.03656429942418426
['希望'],['合适'],0.03648827952233525
['生活'],['懂得'],0.03622822519565766
['喜欢'],['离异'],0.03608445297504798
['喜欢'],['父母'],0.03598848368522073
['生活'],['担当'],0.0358495329462257
['喜欢'],['懂'],0.03579654510556622
['喜欢'],['幸福'],0.03550863723608445
['喜欢'],['身高'],0.035220729366602685
['希望'],['有缘'],0.03464543712221731
['希望'],['乐观'],0.03449800973020787
['喜欢'],['不良嗜好'],0.03349328214971209
['喜欢'],['共度'],0.03349328214971209
['希望'],['珍惜'],0.033171163202122954
['希望'],['父母'],0.033023735810113516
['希望'],['家'],0.032802594722099364
['喜欢'],['幽默'],0.032245681381957776
['希望'],['喝酒'],0.03199174406604747
['希望'],['抽烟'],0.03184431667403804
['喜欢'],['婚姻'],0.0317658349328215
['希望'],['相伴'],0.03147574819401445
['希望'],['干净'],0.031254607106000296
['喜欢'],['爱情'],0.031190019193857964
['希望'],['有缘人'],0.031107179713990858
['希望'],['寻找'],0.03081232492997199
['喜欢'],['平台'],0.030806142034548945
['希望'],['顾家'],0.030664897537962553
['希望'],['身高'],0.03037004275394368
['喜欢'],['顾家'],0.03032629558541267
['喜欢'],['家'],0.03032629558541267
['喜欢'],['爬山'],0.030230326295585412
['希望'],['独立'],0.03014890166592953
['希望'],['女儿'],0.029854046881910658
['喜欢'],['快乐'],0.029750479846449136
['希望'],['快乐'],0.029706619489901224
['喜欢'],['非诚'],0.029654510556621883
['希望'],['理解'],0.029411764705882353
['希望'],['退休'],0.029338051009877634
['希望'],['努力'],0.0291906236178682
['希望'],['经历'],0.02911690992186348
['喜欢'],['一生'],0.02907869481765835
['希望'],['热爱生活'],0.029043196225858766
['喜欢'],['收入'],0.028982725527831096
['喜欢'],['游泳'],0.02888675623800384
['希望'],['孝顺'],0.028748341441839895
['希望'],['陪伴'],0.028600914049830457
['喜欢'],['女儿'],0.028406909788867563
['喜欢'],['伴侣'],0.02821497120921305
['喜欢'],['相处'],0.02821497120921305
['喜欢'],['内心'],0.027927063339731287
['喜欢'],['健康'],0.02783109404990403
['喜欢'],['身体健康'],0.02783109404990403
['希望'],['专一'],0.027716349697773847
['喜欢'],['专一'],0.02763915547024952
['喜欢'],['爱心'],0.027543186180422265
['喜欢'],['期待'],0.02744721689059501
['喜欢'],['学习'],0.027351247600767754
['喜欢'],['善解人意'],0.027351247600767754
['希望'],['美好'],0.027347781217750257
['希望'],['期待'],0.026758071649712518
['希望'],['会员'],0.0266843579537078
['希望'],['善解人意'],0.02661064425770308
['希望'],['爱心'],0.026463216865693646
['希望'],['不良嗜好'],0.026389503169688928
['希望'],['音乐'],0.02565236620964175
['希望'],['人品'],0.025504938817632317
['希望'],['心'],0.025136370337608727
['希望'],['收入'],0.02506265664160401
['希望'],['看书'],0.02476780185758514
['希望'],['温暖'],0.024694088161580422
['希望'],['相处'],0.024546660769570985
['希望'],['缘分'],0.024546660769570985
['希望'],['懂得'],0.024178092289547398
['希望'],['内心'],0.023735810113519093
['希望'],['幽默'],0.023662096417514374
['希望'],['正'],0.023662096417514374
['希望'],['陪'],0.023588382721509656
['希望'],['电影'],0.023367241633495503
['希望'],['心地善良'],0.02321981424148607
['希望'],['上进心'],0.02285124576146248
['希望'],['大方'],0.022630104673448326
['希望'],['温和'],0.022630104673448326
['希望'],['世界'],0.022556390977443608
['希望'],['体贴'],0.02218782249742002
['希望'],['健康'],0.02181925401739643
['希望'],['做饭'],0.021376971841368126
['希望'],['踏实'],0.021376971841368126
