age_flooring,age_ceiling,height_flooring,height_ceiling,criterias_education,criterias_marriage,prediction
41,49,170,178,4,1,16
27,39,170,190,0,0,22
33,41,168,183,0,0,22
38,45,165,181,1,0,18
24,30,172,185,2,3,5
37,44,160,178,1,0,18
32,45,130,260,0,0,2
45,52,170,180,1,0,18
48,60,170,190,2,0,1
38,47,170,190,0,1,25
36,43,170,200,2,3,27
40,50,170,260,0,0,12
37,47,174,188,0,0,22
36,42,165,175,2,3,27
40,60,165,226,2,1,1
40,46,168,180,1,0,18
31,43,130,260,0,0,2
40,50,170,190,1,0,18
54,69,170,200,2,0,15
70,75,171,176,1,0,14
40,55,170,185,1,0,18
45,52,171,179,2,3,27
56,66,168,182,0,0,3
35,48,130,260,0,0,2
30,38,170,185,2,3,27
38,50,170,190,1,0,18
24,30,170,185,1,3,20
43,59,150,190,2,1,1
18,83,130,260,0,0,11
30,49,173,185,2,0,10
30,83,172,180,1,3,9
18,83,130,260,0,3,26
18,83,130,260,0,0,11
35,45,168,178,0,0,22
36,45,170,184,2,1,10
18,83,130,260,0,0,11
18,83,130,260,0,0,11
58,70,170,176,1,0,14
54,65,170,190,1,0,21
39,42,171,184,2,3,27
18,83,130,260,0,0,11
46,52,130,260,1,1,28
25,30,174,183,2,3,5
43,50,173,188,2,0,1
38,48,165,185,2,0,10
49,58,130,260,0,0,28
40,50,175,200,2,3,27
49,67,168,182,0,0,3
37,49,172,190,2,0,10
63,73,168,180,1,0,14
33,48,168,180,2,0,10
18,83,130,260,0,0,11
28,40,173,185,2,3,27
50,58,172,182,1,0,21
63,70,170,190,0,0,3
18,83,130,260,0,0,11
48,56,168,190,2,0,1
45,57,130,260,0,0,28
18,83,130,260,0,0,11
45,58,165,190,0,1,0
59,74,130,260,1,0,28
30,42,170,185,2,3,27
27,48,170,190,1,3,8
24,58,130,260,0,0,2
50,60,165,190,0,0,0
40,48,175,185,1,1,18
28,35,175,185,1,3,20
42,52,170,190,0,0,0
51,83,170,190,0,0,3
55,67,168,178,1,0,21
18,83,130,260,0,0,11
18,83,130,260,0,0,11
25,30,172,178,2,3,5
45,55,170,185,2,0,1
47,62,170,182,0,0,0
74,81,165,260,0,0,17
30,38,175,188,4,3,4
22,30,175,190,1,3,20
33,39,175,195,0,0,22
48,65,168,185,2,0,15
38,52,168,185,0,0,0
36,47,170,182,2,1,10
30,34,175,180,1,3,20
42,55,130,260,0,0,28
31,40,174,182,1,3,8
46,58,170,180,1,0,21
38,54,176,199,2,0,1
25,38,170,180,2,0,10
48,62,170,186,1,0,21
55,68,165,188,0,0,3
48,65,175,200,1,0,21
45,83,168,182,1,0,21
35,45,170,185,1,0,18
25,45,175,185,2,3,27
36,48,170,260,2,0,12
36,50,175,190,2,0,10
39,50,170,180,1,0,18
44,55,175,185,2,0,1
28,37,170,190,0,3,13
18,83,130,260,0,0,11
35,50,168,178,1,0,18
33,43,160,183,2,0,10
29,34,176,186,4,3,4
34,44,170,180,0,1,25
32,43,170,199,1,0,18
23,40,160,185,0,0,6
28,35,173,180,1,3,20
24,32,176,186,2,1,10
45,58,168,185,1,0,21
33,40,165,180,0,1,25
35,45,170,180,2,3,27
38,48,170,180,1,0,18
50,60,170,180,0,1,3
38,50,171,179,0,1,25
64,72,160,189,1,0,14
35,45,170,260,1,1,12
38,45,168,178,2,3,27
38,50,170,189,0,0,0
40,50,170,185,1,0,18
68,77,163,178,1,0,14
25,38,175,190,0,3,13
35,45,170,189,0,1,25
32,42,173,184,0,0,22
43,56,130,260,0,0,28
28,35,168,180,2,3,5
22,26,172,185,0,3,13
27,42,175,180,2,3,27
23,26,173,185,0,3,13
40,48,170,190,2,1,10
52,60,175,190,2,0,15
39,48,173,182,2,0,10
45,61,172,188,2,0,1
35,45,170,180,2,0,10
43,52,175,260,2,0,12
47,53,168,178,2,0,1
20,24,175,185,0,3,13
23,42,155,190,0,0,6
30,50,175,180,2,0,10
36,45,170,180,0,1,25
30,35,168,190,1,3,8
18,83,130,260,0,0,11
27,37,170,180,0,0,22
37,45,168,180,0,0,22
31,35,174,182,2,3,27
32,43,170,260,2,0,12
35,43,170,195,2,0,10
60,66,172,185,1,0,14
33,45,176,188,0,0,22
42,48,173,190,2,0,1
18,83,130,260,0,0,11
47,55,170,185,2,1,1
50,83,173,190,0,0,3
40,50,170,186,1,1,18
45,55,165,190,0,1,0
30,46,172,180,2,3,27
22,35,175,190,0,3,13
40,56,170,226,0,0,0
50,59,168,178,2,0,1
38,47,175,190,0,1,25
37,42,172,185,2,3,27
45,49,174,260,1,0,12
25,29,165,175,0,3,13
28,35,168,180,2,3,5
55,65,170,180,0,0,3
36,45,170,260,2,3,24
37,45,173,180,0,0,22
30,38,175,200,2,3,27
29,40,173,260,0,0,12
18,83,160,204,0,0,9
37,40,174,180,2,3,27
38,43,175,186,0,1,25
35,55,160,175,0,0,0
25,35,173,180,0,3,13
50,60,170,185,0,0,3
46,60,170,185,1,0,21
60,68,170,180,1,0,14
40,45,170,182,2,1,10
40,52,170,199,1,0,18
36,48,170,260,2,1,12
25,29,176,182,2,3,5
25,35,174,178,0,3,13
40,50,164,175,0,0,0
40,83,175,185,0,0,3
38,42,174,186,2,1,10
39,47,166,175,2,1,10
42,53,170,186,2,0,1
40,49,172,185,2,1,10
29,36,175,185,4,3,4
32,39,180,188,2,3,27
30,40,165,180,1,3,8
48,58,170,190,1,0,21
18,83,173,183,0,0,9
37,50,163,188,2,0,10
58,68,173,180,0,0,3
39,83,169,183,2,0,15
20,23,170,180,0,3,13
32,43,177,188,2,1,10
31,40,175,200,2,3,27
40,50,172,180,2,0,1
26,34,178,190,0,3,13
45,55,166,180,0,0,0
24,52,130,260,0,0,2
37,48,170,180,4,1,16
36,45,175,183,2,0,10
48,57,170,180,2,1,1
36,46,170,199,1,1,18
40,55,170,180,0,0,0
35,50,160,185,0,0,0
36,46,172,186,2,1,10
49,56,174,180,1,0,21
33,45,170,260,2,1,12
27,31,160,170,1,3,20
33,44,175,184,2,3,27
24,39,130,260,0,0,2
27,38,178,188,1,3,20
18,83,130,260,0,0,11
25,29,175,180,0,3,13
26,32,174,190,0,3,13
30,40,175,181,2,1,10
60,68,160,170,1,0,14
35,44,168,190,0,0,22
38,83,170,260,0,0,17
33,42,172,180,2,1,10
40,54,177,190,2,0,1
23,30,175,188,2,3,5
20,30,168,178,0,3,13
55,62,172,184,0,0,3
47,53,168,180,1,0,21
25,30,170,180,0,3,13
36,50,172,190,2,1,10
35,41,171,185,1,3,8
33,38,172,180,2,3,27
30,50,172,185,2,1,10
29,38,172,190,1,3,8
39,49,170,180,2,3,27
25,30,175,180,0,3,13
33,43,168,180,2,3,27
57,62,170,175,1,0,21
33,51,173,190,2,1,10
34,47,172,190,1,0,18
24,27,172,178,0,3,13
32,40,170,183,0,1,25
42,52,165,180,0,1,0
35,45,170,185,2,0,10
52,68,165,178,0,0,3
40,50,173,190,1,1,18
46,60,160,180,1,0,21
56,60,170,185,2,0,15
40,50,173,190,2,3,27
18,83,130,260,0,0,11
31,40,172,178,2,3,27
42,55,164,176,1,0,18
47,57,172,185,1,0,21
45,51,168,183,1,0,18
41,51,170,174,0,0,0
18,83,130,260,0,0,11
35,45,168,178,0,1,25
18,83,130,260,0,0,11
38,45,173,185,2,0,10
44,58,168,191,0,0,0
30,48,170,190,0,0,22
28,50,178,193,1,0,18
44,55,170,190,2,0,1
18,83,130,260,0,0,11
18,83,130,260,0,0,11
26,35,178,190,2,3,5
50,65,172,178,2,0,15
48,58,175,190,2,0,1
25,37,170,180,0,3,13
50,83,165,188,2,2,15
35,43,130,260,0,0,2
28,45,170,185,2,1,10
37,42,174,180,2,3,27
30,37,172,260,2,3,24
40,55,170,185,0,0,0
35,42,178,226,5,3,4
38,55,168,190,0,0,0
31,45,170,188,2,3,27
42,52,168,185,2,0,1
25,32,172,180,2,3,5
32,40,171,180,1,3,8
30,83,130,260,1,0,11
42,58,170,190,1,0,21
35,43,174,188,2,0,10
28,36,175,185,2,3,5
26,35,173,185,2,3,5
36,49,172,190,1,1,18
35,45,168,175,0,3,23
41,48,170,195,2,0,1
31,38,170,185,2,3,27
23,27,168,174,0,3,13
33,45,170,180,2,3,27
45,55,160,180,0,0,0
35,40,172,180,2,3,27
35,45,170,185,2,0,10
50,65,165,190,0,0,3
23,27,175,185,0,3,13
23,27,165,180,0,3,13
24,26,170,175,0,3,13
40,60,168,200,2,0,1
30,40,170,180,2,3,27
25,45,168,190,1,3,8
42,49,170,179,1,3,8
60,67,173,190,1,0,14
34,40,170,175,4,3,4
28,33,173,180,1,3,20
18,83,130,260,0,0,11
35,40,175,180,0,0,22
25,45,170,190,0,1,25
33,42,180,188,0,0,22
38,50,170,180,0,0,0
18,83,170,178,0,0,9
56,63,170,180,0,0,3
23,42,155,190,0,0,6
35,45,165,180,1,0,18
45,59,165,175,0,0,0
36,48,175,185,2,0,10
33,46,167,182,2,0,10
24,35,181,189,2,1,10
28,45,168,175,1,0,18
53,61,170,182,0,0,3
24,42,130,260,0,0,2
46,55,175,186,2,1,1
33,42,170,180,0,0,22
36,44,175,185,0,3,23
48,65,168,185,0,0,3
58,66,173,188,2,0,15
27,40,175,190,1,0,18
28,40,170,185,0,3,23
56,62,172,182,1,0,21
38,45,170,190,1,1,18
55,70,168,190,0,0,3
27,34,175,185,0,3,13
37,60,168,188,1,0,18
33,50,170,190,2,0,10
18,83,130,260,0,0,11
55,60,165,180,1,0,21
38,45,170,190,0,0,22
24,42,130,260,0,0,2
69,75,168,260,1,0,17
38,50,170,180,2,0,1
35,42,170,180,1,3,8
18,83,130,260,0,0,11
18,83,130,260,0,0,11
24,48,130,260,0,0,2
18,83,130,260,0,0,11
28,40,170,185,1,3,8
40,60,170,180,1,0,18
44,55,168,180,1,0,21
45,60,170,180,1,1,21
60,75,172,180,0,0,3
60,70,165,180,0,0,3
36,49,165,180,0,1,25
23,83,170,260,2,3,19
18,83,130,260,0,0,11
38,55,170,180,1,0,18
60,65,174,185,0,0,3
26,39,170,183,0,0,22
43,48,170,180,2,3,27
28,40,168,260,1,3,24
18,83,130,260,0,0,11
37,50,170,180,1,1,18
28,38,174,188,2,0,10
18,83,130,260,0,0,11
58,63,170,180,0,0,3
37,47,170,185,2,1,10
25,32,170,190,2,3,5
37,46,170,180,0,0,22
38,55,185,260,0,0,12
40,48,170,180,1,0,18
31,37,173,178,1,0,18
55,64,170,185,1,0,21
38,42,175,180,1,1,25
42,83,170,260,1,0,17
18,83,130,260,0,0,11
26,40,180,195,0,0,22
58,70,130,260,0,0,28
53,60,170,180,1,1,21
18,83,130,260,0,0,11
30,40,130,260,0,3,2
40,50,175,185,2,1,1
40,50,170,190,1,0,18
30,40,170,175,0,1,25
59,67,170,190,1,0,14
35,45,175,190,2,3,27
32,45,168,175,0,1,25
56,67,170,190,2,0,15
22,40,160,190,0,3,13
30,45,170,185,4,0,16
24,28,175,260,2,3,24
39,52,170,181,1,0,18
33,42,168,180,1,3,8
48,54,163,180,1,0,21
18,83,130,260,0,0,11
35,50,170,190,1,0,18
20,50,160,190,0,0,6
25,30,175,180,0,3,13
20,50,160,190,0,0,6
40,56,171,190,2,3,27
60,68,130,260,0,0,28
38,50,168,185,1,0,18
30,42,168,178,1,0,18
25,32,175,185,1,3,20
20,50,160,190,0,0,6
39,50,172,190,2,1,10
39,50,170,180,2,0,1
19,22,180,190,0,3,13
38,47,170,180,2,1,10
30,83,177,260,2,3,19
25,46,170,190,0,3,23
27,33,172,179,0,3,13
20,50,160,190,0,0,6
28,38,160,190,0,0,7
40,50,170,190,1,0,18
20,50,160,190,0,0,6
25,32,170,190,1,3,20
20,50,160,190,0,0,6
36,40,170,175,2,3,27
24,30,175,184,2,3,5
43,55,172,180,2,0,1
52,62,170,185,0,0,3
52,63,172,178,1,1,21
25,30,170,190,0,3,13
36,49,170,185,2,3,27
38,45,175,200,1,0,18
70,78,160,190,0,0,14
42,57,170,186,2,0,1
36,44,175,260,0,0,12
48,57,160,260,1,0,12
20,56,130,260,0,0,2
24,53,130,260,0,0,2
52,62,170,180,0,0,3
33,37,170,190,2,0,10
23,29,176,181,0,3,13
25,28,175,180,1,3,20
23,27,172,180,0,0,7
28,38,160,190,3,3,27
69,75,170,190,0,0,14
43,54,170,190,2,0,1
63,70,174,200,0,0,3
33,44,170,178,1,0,18
40,49,170,190,4,1,16
32,40,175,185,2,1,10
33,42,170,185,0,0,22
58,68,175,190,0,0,3
46,58,170,190,2,0,1
30,48,170,188,0,0,22
25,32,178,190,0,0,22
24,30,170,190,2,3,5
23,42,155,190,0,0,6
44,53,173,185,2,0,1
58,69,172,182,0,0,3
34,39,173,180,1,3,8
69,76,168,178,2,2,15
30,45,170,190,2,1,10
31,46,170,185,2,1,10
50,66,170,186,1,0,21
20,50,160,190,0,0,6
30,45,175,190,0,0,22
24,41,130,260,0,0,2
35,48,168,180,2,0,10
40,45,168,260,1,1,12
20,50,160,190,0,0,6
20,50,160,190,0,0,6
42,50,170,190,1,1,18
50,60,166,190,1,0,21
59,63,170,178,0,0,3
27,32,173,185,4,0,16
26,32,170,190,2,0,10
42,48,160,190,1,0,18
38,83,175,260,1,1,17
68,79,160,180,0,0,14
38,46,170,180,1,0,18
45,55,160,175,0,0,0
39,50,173,185,2,0,1
45,48,176,184,4,3,4
30,45,165,185,1,3,8
30,45,170,260,1,3,24
58,63,173,190,2,0,15
34,40,178,200,0,3,23
27,35,178,183,2,3,5
20,50,160,190,0,0,6
20,50,160,190,0,0,6
38,43,168,178,0,1,25
39,50,176,190,1,0,18
64,69,165,190,0,0,3
20,30,178,190,1,3,20
55,58,175,180,0,0,3
40,50,168,185,1,0,18
25,42,160,190,0,0,6
48,58,168,200,0,0,0
20,50,160,190,0,0,6
28,33,172,178,2,3,5
25,35,175,185,0,3,13
34,42,175,190,1,0,18
25,40,165,185,1,0,18
45,55,179,188,1,0,21
30,50,170,190,0,1,25
57,65,173,180,0,1,3
29,40,170,185,1,3,8
18,83,170,190,1,3,9
38,45,172,185,1,0,18
43,63,172,190,0,0,0
28,38,173,185,2,3,5
20,50,160,190,0,0,6
44,53,160,190,1,0,18
60,63,168,173,1,0,21
40,55,178,190,2,0,1
20,50,160,190,0,0,6
27,30,170,190,1,3,20
33,43,175,182,2,3,27
28,48,170,182,2,0,10
57,61,172,180,1,0,21
29,83,175,190,0,0,9
25,35,170,190,0,3,13
42,52,173,183,1,0,18
37,45,165,175,2,3,27
20,50,160,190,0,0,6
25,38,170,183,1,3,20
21,28,180,187,2,3,5
28,35,175,185,0,3,13
28,45,168,182,1,1,25
38,48,171,260,2,0,12
38,45,176,185,2,3,27
38,48,175,185,0,3,23
45,55,177,190,2,0,1
46,51,168,180,1,0,21
18,83,130,260,0,0,11
60,83,169,180,1,0,14
40,55,170,190,0,0,0
53,60,165,175,0,0,3
23,26,176,185,1,3,20
26,36,172,260,1,3,24
24,30,170,180,0,3,13
50,60,170,188,2,0,1
63,68,165,172,0,0,3
25,35,160,184,1,3,20
58,75,170,180,0,0,3
55,60,168,260,2,1,12
46,99,165,177,0,0,3
38,43,170,180,2,3,27
18,83,130,260,0,0,11
25,29,170,186,1,3,20
47,60,130,260,0,0,28
18,26,180,190,2,3,5
46,55,172,182,1,0,21
20,33,170,190,0,3,13
18,83,130,260,0,0,11
35,45,170,180,0,0,22
35,48,170,180,1,0,18
38,42,175,180,1,1,25
34,39,176,188,1,1,25
38,50,172,195,2,1,10
34,50,170,178,2,0,10
20,35,170,188,0,0,7
32,40,175,185,2,3,27
45,60,175,185,0,0,0
18,83,130,260,0,0,11
32,42,170,185,0,1,25
18,83,130,260,0,0,11
60,70,172,190,1,0,14
45,52,173,183,2,1,1
24,30,175,186,0,3,13
33,43,170,180,1,3,8
24,39,130,260,0,0,2
35,45,175,190,2,3,27
37,43,170,180,1,3,8
22,40,160,190,0,3,13
34,42,173,183,1,1,25
56,67,170,190,2,0,15
25,28,170,190,0,3,13
46,60,168,180,2,0,1
35,42,170,185,2,0,10
39,52,170,181,1,0,18
23,42,155,190,0,0,6
20,50,160,190,0,0,6
45,55,170,180,0,0,0
34,45,173,182,2,0,10
36,46,170,180,2,3,27
55,65,175,195,1,0,21
22,33,172,185,0,3,13
57,67,170,178,1,0,21
41,49,172,188,2,0,1
67,69,165,175,0,0,14
40,50,170,185,1,0,18
30,38,173,185,2,3,27
36,45,175,190,1,0,18
19,22,180,190,0,3,13
46,50,175,181,2,1,1
45,57,170,180,1,1,21
20,50,160,190,0,0,6
24,41,130,260,0,0,2
43,49,170,190,1,0,18
61,71,171,178,1,0,14
20,50,160,190,0,0,6
20,50,160,190,0,0,6
41,48,177,185,2,3,27
50,60,170,180,0,0,3
40,50,175,185,1,0,18
58,65,172,180,1,0,21
40,50,172,185,1,0,18
30,35,170,175,0,0,22
20,50,160,190,0,0,6
39,48,175,190,2,1,10
20,50,160,190,0,0,6
20,50,160,190,0,0,6
18,25,172,177,0,3,13
35,45,172,190,0,0,22
30,45,170,186,2,0,10
33,42,165,175,1,3,8
50,60,165,185,1,0,21
61,69,165,190,0,0,3
40,51,165,180,0,0,0
34,42,175,200,1,3,8
36,44,175,260,0,0,12
45,63,170,190,1,0,21
36,40,170,175,2,3,27
35,42,175,190,2,3,27
58,69,172,182,0,0,3
55,75,130,260,0,0,28
38,45,165,175,2,0,10
40,47,170,182,2,1,10
30,50,170,182,2,1,10
52,60,171,177,2,0,15
31,46,170,185,2,1,10
28,45,170,186,2,0,10
40,50,165,180,0,0,0
34,55,170,182,1,0,18
34,60,165,185,0,0,0
50,63,130,260,0,0,28
34,45,171,190,2,3,27
23,42,155,190,0,0,6
24,42,130,260,0,0,2
27,32,173,185,4,0,16
40,45,168,260,1,1,12
41,48,173,190,1,0,18
20,50,160,190,0,0,6
33,40,175,200,2,3,27
33,40,168,175,1,3,8
18,83,130,260,0,0,11
38,50,175,180,0,0,0
24,28,175,185,2,3,5
33,45,166,200,0,3,23
26,38,168,183,0,3,13
20,50,160,190,0,0,6
45,65,170,190,1,0,21
18,83,170,260,0,0,17
37,50,130,260,0,0,2
35,58,160,190,1,0,18
50,63,130,260,0,0,28
40,50,168,185,1,0,18
38,40,170,190,1,3,8
54,58,170,180,2,0,15
33,48,170,190,2,1,10
20,50,160,190,0,0,6
58,63,173,190,2,0,15
24,39,130,260,0,0,2
35,40,160,190,0,0,22
20,50,160,190,0,0,6
24,38,130,260,0,0,2
22,30,160,180,0,3,13
35,45,168,175,2,3,27
46,55,160,185,0,0,0
30,45,170,190,2,0,10
44,53,170,190,1,0,18
34,50,130,260,0,0,2
22,28,170,190,1,3,20
20,50,160,190,0,0,6
52,60,170,180,1,0,21
40,50,175,185,2,0,1
27,35,170,180,1,3,20
20,50,160,190,0,0,6
54,60,160,175,1,0,21
30,40,170,190,1,0,18
20,50,160,190,0,0,6
38,52,170,185,1,0,18
50,60,175,180,2,0,1
38,48,170,190,1,0,18
61,67,165,173,1,1,14
25,35,175,260,2,3,24
37,42,168,175,2,3,27
53,65,168,180,2,0,15
24,39,130,260,0,0,2
45,55,170,190,1,0,21
35,48,172,200,0,0,22
32,40,170,182,1,1,25
38,58,160,180,0,0,0
45,83,194,260,0,0,17
22,40,171,190,1,0,22
63,68,172,182,0,0,3
40,50,170,175,0,0,0
20,27,172,176,1,3,20
20,50,160,190,0,0,6
22,39,167,180,0,0,7
38,48,175,185,0,3,23
20,50,160,190,0,0,6
48,58,170,180,1,0,21
20,50,160,190,0,0,6
30,38,176,185,0,0,22
48,57,168,182,1,0,21
45,55,170,185,1,0,21
36,50,170,190,0,1,25
38,46,168,175,1,1,18
34,50,170,185,2,0,10
43,63,165,180,1,0,21
21,25,170,180,1,3,20
56,65,170,190,1,0,21
48,55,172,185,2,0,1
55,65,170,188,2,0,15
23,29,175,190,2,3,5
20,30,160,190,0,3,13
39,50,170,180,2,0,1
50,64,170,180,0,0,3
24,30,178,186,4,3,4
20,50,160,190,0,0,6
64,70,170,175,0,0,3
25,31,168,175,0,3,13
26,30,172,178,2,3,5
23,26,170,179,1,3,20
50,65,130,260,0,0,28
60,70,165,180,2,0,15
38,48,172,180,1,1,18
26,28,175,185,0,3,13
34,42,170,182,2,1,10
24,38,130,260,0,0,2
35,43,171,185,2,3,27
33,40,175,180,2,3,27
40,52,168,180,1,0,18
29,33,173,185,2,3,5
20,50,160,190,0,0,6
32,38,175,185,1,3,8
43,53,175,190,0,0,0
75,79,165,170,0,1,14
66,68,172,178,2,0,15
24,29,160,190,0,0,7
35,45,175,200,2,0,10
28,83,175,260,2,3,19
43,50,170,180,0,0,0
25,32,175,185,2,3,5
34,44,172,188,0,0,22
33,38,175,186,2,1,10
28,37,174,180,2,3,5
34,42,171,189,0,3,23
38,45,175,188,2,0,10
30,35,171,178,2,3,5
27,35,165,180,0,1,25
40,46,171,180,2,1,10
36,52,170,185,2,1,10
20,25,170,180,1,3,20
20,50,160,190,0,0,6
33,42,170,183,2,3,27
25,30,170,175,1,3,20
38,50,160,190,1,1,18
20,50,160,190,0,0,6
24,58,130,260,0,0,2
27,34,168,175,1,3,20
31,43,172,260,1,0,12
37,47,170,190,2,0,10
38,50,171,182,0,0,0
65,68,180,260,0,0,17
30,40,170,200,0,0,22
23,30,175,180,2,3,5
29,38,177,190,2,3,27
40,49,164,180,1,0,18
22,25,167,172,1,3,20
48,55,165,175,1,0,21
20,50,160,190,0,0,6
43,52,168,178,1,0,18
30,50,170,190,2,0,10
27,30,170,190,1,3,20
54,58,168,175,1,0,21
20,50,160,190,0,0,6
39,45,168,175,2,0,10
41,56,171,184,2,0,1
24,62,130,260,0,0,2
48,57,170,178,1,0,21
20,25,155,165,0,3,13
48,55,170,185,1,0,21
24,40,130,260,0,0,2
20,50,160,190,0,0,6
29,34,175,190,2,3,5
34,46,168,180,1,2,8
24,31,170,180,0,3,13
43,53,172,180,2,0,1
25,32,170,190,0,0,7
33,43,175,180,2,0,10
20,50,160,190,0,0,6
18,83,130,260,0,0,11
35,42,172,188,0,3,23
47,62,175,190,1,0,21
32,40,178,190,2,3,27
24,31,170,180,0,3,13
20,50,160,190,0,0,6
32,45,170,176,0,0,22
25,30,178,185,3,3,5
27,28,175,178,0,3,13
26,37,170,185,1,3,20
33,46,175,185,0,3,23
38,45,170,190,0,3,23
60,68,170,180,0,0,3
23,42,155,190,0,0,6
45,55,175,180,1,0,21
21,28,170,178,2,3,5
25,40,170,190,2,3,5
24,41,130,260,0,0,2
24,66,130,260,0,0,11
20,50,160,190,2,0,10
27,33,172,180,1,3,20
38,45,170,184,2,0,10
42,53,170,180,1,0,18
26,32,173,185,4,3,4
44,53,170,180,1,1,18
26,30,170,180,2,3,5
18,20,170,175,0,3,13
21,28,175,180,0,0,7
24,38,130,260,0,0,2
32,38,178,185,2,3,27
20,50,160,190,0,0,6
21,30,165,190,1,3,20
33,46,171,188,2,1,10
42,54,177,260,1,0,12
38,50,173,182,2,1,10
55,65,170,180,2,1,15
39,50,170,190,2,0,1
23,30,175,185,4,3,4
20,50,160,190,0,0,6
20,50,160,190,0,0,6
45,55,130,260,0,0,28
20,50,160,190,0,0,6
20,50,160,190,0,0,6
27,35,174,189,1,3,20
58,68,170,180,1,0,14
43,83,173,185,0,1,3
27,52,173,200,5,3,4
20,50,160,190,0,0,6
27,35,170,186,1,3,20
40,50,175,180,0,0,0
24,30,170,178,0,0,7
34,45,162,185,0,1,25
24,35,169,190,2,3,5
50,60,168,180,2,0,1
40,45,170,180,0,0,0
25,30,175,186,2,3,5
27,32,172,182,0,1,25
35,55,165,185,1,0,18
20,50,160,190,0,0,6
58,70,160,185,1,0,14
53,58,165,190,0,0,3
24,39,130,260,0,0,2
20,50,160,190,0,0,6
24,64,130,260,0,0,11
24,39,130,260,0,0,2
24,31,173,183,2,3,5
27,45,168,178,0,0,22
25,29,170,175,2,3,5
21,28,168,172,0,0,7
18,83,170,190,1,0,9
35,45,170,190,2,1,10
40,55,171,185,2,0,1
24,31,167,190,1,3,20
46,58,172,180,1,0,21
46,58,170,182,1,0,21
30,40,176,193,2,3,27
24,27,178,180,0,3,13
28,34,172,185,1,3,20
37,44,172,185,1,3,8
40,45,170,180,1,0,18
24,31,170,190,0,0,7
35,46,170,182,0,0,22
30,40,170,185,0,3,23
37,44,168,190,1,0,18
28,36,173,185,2,0,10
40,49,172,190,0,0,0
32,46,168,186,1,3,8
58,63,170,178,1,0,21
31,51,170,190,0,0,22
45,57,168,180,1,0,21
46,62,167,182,1,0,21
24,26,170,178,2,3,5
28,46,175,189,2,0,10
32,43,172,188,0,3,23
23,28,160,190,0,0,7
30,42,174,190,1,3,8
30,38,172,180,1,3,8
25,30,170,180,0,3,13
35,52,160,180,0,0,0
24,28,168,175,2,3,5
18,83,180,260,1,3,19
30,40,175,180,0,0,22
25,29,178,185,2,3,5
25,30,172,178,2,3,5
42,53,172,190,0,1,0
24,41,130,260,0,0,2
24,41,130,260,0,0,2
26,30,170,190,1,3,20
43,83,160,190,0,0,3
56,59,170,190,1,0,21
46,56,165,175,1,0,21
21,26,160,190,0,0,7
30,40,165,180,1,1,25
45,50,170,178,2,0,1
28,38,170,185,2,3,27
18,25,182,192,2,3,5
48,55,167,180,0,0,0
24,42,130,260,0,0,2
25,30,175,180,2,3,5
35,83,165,180,1,3,9
36,43,172,180,2,1,10
30,37,170,180,2,3,27
36,42,170,175,1,3,8
31,40,170,192,1,3,8
21,28,175,185,2,3,5
28,38,170,180,1,3,8
29,38,168,180,1,3,8
25,30,170,260,2,3,24
41,48,170,190,2,0,1
36,45,170,178,2,1,10
65,72,170,182,2,0,15
37,46,165,175,1,1,18
27,32,174,188,2,3,5
40,47,172,182,1,0,18
45,55,165,180,1,0,21
21,26,160,190,0,0,7
22,29,166,176,0,3,13
28,33,172,178,2,3,5
65,70,168,180,0,0,3
18,83,170,180,0,0,9
33,41,168,190,2,0,10
56,64,170,175,0,0,3
30,43,170,180,0,0,22
22,25,170,180,0,3,13
35,40,168,178,2,3,27
32,36,173,178,2,3,27
24,29,160,190,0,0,7
28,38,166,178,0,0,22
38,48,170,178,2,0,10
35,48,168,186,0,0,22
30,40,175,180,1,1,25
55,65,170,175,0,0,3
21,26,160,190,0,0,7
50,60,165,180,1,0,21
24,42,130,260,0,0,2
42,55,165,190,0,0,0
37,47,168,180,1,0,18
39,49,173,180,1,3,8
24,42,130,260,0,0,2
21,28,165,190,2,3,5
54,66,170,190,1,0,21
23,30,175,180,1,3,20
21,29,175,190,1,3,20
21,25,185,193,2,3,5
18,83,175,260,2,3,19
20,27,165,190,2,0,10
36,45,170,175,0,0,22
40,83,168,190,2,0,15
48,56,168,180,1,1,21
24,42,130,260,0,0,2
22,27,160,190,0,0,7
38,54,174,190,2,1,1
55,69,130,260,0,0,28
27,35,175,188,2,3,5
31,37,173,185,1,3,8
23,30,170,190,2,3,5
41,55,170,200,0,0,0
40,60,160,190,1,0,18
30,40,165,180,0,0,22
24,30,176,186,2,3,5
29,40,178,188,1,0,18
55,60,175,185,1,1,21
20,28,170,175,1,3,20
20,27,178,188,0,3,13
25,27,176,180,2,3,5
24,58,130,260,0,0,2
24,53,130,260,0,0,2
21,26,160,190,0,0,7
48,57,170,185,2,1,1
24,31,173,180,1,3,20
33,37,170,260,1,3,24
55,59,170,180,1,0,21
24,29,160,190,0,0,7
23,26,172,175,0,0,7
25,30,172,180,1,3,20
24,29,160,190,0,0,7
21,25,164,178,0,3,13
55,70,165,180,0,0,3
26,42,172,190,2,3,27
28,40,172,181,2,0,10
36,45,165,190,1,1,18
21,28,161,190,0,0,7
24,38,130,260,0,0,2
28,38,170,180,0,0,22
24,41,130,260,0,0,2
21,26,160,190,0,0,7
36,40,168,178,1,3,8
21,26,160,190,0,0,7
29,42,170,182,0,1,25
32,40,173,180,1,1,25
33,43,170,190,0,0,22
20,25,160,190,0,0,7
56,62,170,175,2,0,15
27,35,170,178,1,3,20
18,83,130,260,2,0,11
24,42,130,260,0,0,2
21,27,160,178,0,3,13
28,35,175,180,1,3,20
40,50,167,175,0,0,0
50,67,168,175,0,0,3
21,26,160,190,0,0,7
60,68,165,180,0,0,3
21,26,160,190,0,0,7
50,60,170,180,1,0,21
24,36,168,180,2,3,5
38,48,175,190,1,0,18
20,27,165,180,2,3,5
32,38,170,175,1,3,8
34,48,170,260,2,1,12
24,41,130,260,0,0,2
23,29,165,175,0,3,13
38,54,170,185,0,0,0
56,83,175,185,2,0,15
22,29,175,183,0,3,13
24,31,170,190,1,3,20
24,40,130,260,0,0,2
36,46,168,176,1,1,18
20,35,175,260,0,0,12
23,42,155,190,0,0,6
48,52,170,180,0,0,0
30,38,160,170,1,3,8
59,62,171,185,0,0,3
60,70,170,190,2,0,15
33,45,170,190,2,0,10
50,55,170,178,1,1,21
30,48,175,260,2,1,12
21,26,160,190,0,0,7
24,40,130,260,0,0,2
24,29,160,190,0,0,7
24,42,130,260,0,0,2
24,42,130,260,0,0,2
23,28,160,190,0,0,7
31,83,130,260,2,0,11
35,41,172,260,1,1,12
48,63,170,197,1,0,21
23,28,160,190,0,0,7
24,42,130,260,0,0,2
24,39,130,260,0,0,2
34,45,175,190,2,1,10
21,26,160,190,0,0,7
23,42,155,190,0,0,6
23,28,160,190,0,0,7
55,72,170,180,0,0,3
29,35,170,185,2,3,5
35,48,168,185,1,3,8
27,35,173,183,0,0,22
38,45,170,178,1,0,18
37,45,162,174,1,3,8
35,45,172,185,1,1,25
23,30,160,190,0,3,13
27,32,172,182,2,3,5
24,30,172,178,0,3,13
30,32,170,175,1,3,20
60,66,170,178,1,0,14
30,45,165,178,2,1,10
28,33,175,185,1,3,20
40,54,173,180,1,0,18
47,55,168,175,2,0,1
24,28,170,182,1,3,20
24,41,130,260,0,0,2
42,55,168,176,2,0,1
24,29,160,190,0,0,7
55,58,170,180,1,0,21
20,25,160,190,0,0,7
30,40,172,183,2,0,10
24,34,178,190,2,3,5
24,41,130,260,0,0,2
37,50,160,190,0,0,0
40,46,168,260,1,0,12
50,63,170,180,1,0,21
62,83,165,200,0,0,14
30,40,170,190,0,0,22
20,25,160,190,0,0,7
35,45,172,180,1,1,25
24,29,160,190,0,0,7
37,45,172,183,0,0,22
24,38,130,260,0,0,2
30,35,170,175,2,3,5
24,29,160,190,0,0,7
60,69,168,185,1,0,14
46,58,160,175,2,0,1
45,52,175,185,1,0,18
31,38,174,185,2,0,10
49,56,175,185,1,0,21
18,35,172,185,1,3,20
37,48,174,190,2,0,10
30,40,170,185,1,0,18
23,42,155,190,0,0,6
40,55,175,185,2,0,1
40,56,168,185,1,0,18
38,48,170,185,2,0,10
40,50,170,175,1,3,8
32,38,172,183,1,3,8
24,33,176,186,2,3,5
23,32,170,190,0,3,13
40,52,160,190,0,0,0
48,55,170,185,2,1,1
39,47,170,183,1,0,18
35,45,173,185,2,0,10
20,25,160,190,0,0,7
29,35,175,180,1,0,22
30,45,169,188,0,3,23
32,43,178,185,0,3,23
26,31,170,178,1,3,20
58,65,170,180,0,0,3
49,57,172,182,0,0,0
27,83,185,260,0,0,17
60,72,170,180,0,2,3
33,45,170,180,2,0,10
33,38,168,180,0,3,23
38,48,165,178,4,3,4
24,39,130,260,0,0,2
24,56,130,260,0,0,2
67,74,168,175,0,0,14
18,83,130,260,0,0,11
30,50,167,190,0,0,22
38,50,167,183,0,0,0
21,61,130,260,0,0,2
23,26,173,183,2,3,5
21,26,160,190,0,0,7
21,26,160,190,0,0,7
21,26,160,190,0,0,7
32,40,178,190,1,3,8
45,60,170,185,2,0,1
37,50,130,260,1,0,2
21,26,160,190,0,0,7
42,50,160,180,0,0,0
40,49,168,260,2,1,12
52,55,172,190,0,0,0
21,28,178,200,2,3,5
24,35,170,190,0,0,7
50,60,175,182,1,0,21
21,26,160,190,0,0,7
21,26,160,190,0,0,7
24,39,130,260,0,0,2
56,60,174,180,1,0,21
62,78,163,180,0,0,14
35,42,170,190,0,0,22
45,60,170,180,1,0,21
58,70,130,260,0,1,28
24,40,130,260,0,0,2
46,50,170,185,0,0,0
46,65,130,260,0,0,28
40,52,160,190,1,0,18
28,30,170,185,0,3,13
18,83,130,260,0,0,11
65,73,170,176,1,0,14
42,61,175,190,2,0,1
50,65,170,180,0,1,3
24,29,170,176,0,3,13
30,40,178,190,2,1,10
70,80,176,185,0,0,14
26,29,175,180,2,3,5
29,31,178,200,4,3,4
60,64,165,170,0,0,3
40,48,170,186,1,0,18
29,34,175,183,1,3,20
55,69,168,176,0,0,3
24,38,130,260,0,0,2
41,52,168,188,1,0,18
45,50,175,187,2,1,1
44,60,130,260,0,0,28
30,45,170,260,0,0,12
33,46,175,190,2,0,10
23,38,170,190,0,3,13
21,28,177,185,2,3,5
47,60,170,195,0,0,0
67,72,170,180,1,1,14
24,31,170,180,2,3,5
22,27,160,190,0,0,7
24,40,130,260,0,0,2
40,58,170,190,0,2,23
24,38,130,260,0,0,2
18,25,170,185,0,3,13
48,60,176,195,1,0,21
20,25,160,190,0,0,7
24,42,130,260,0,0,2
33,43,168,181,0,0,22
48,58,160,190,0,0,0
29,45,173,180,2,0,10
45,53,130,260,1,0,28
48,55,174,182,1,0,21
40,83,175,260,0,3,19
38,45,130,260,0,1,2
54,64,175,180,0,0,3
27,32,160,175,1,0,7
30,35,175,183,0,3,13
27,33,170,180,0,3,13
35,45,175,190,2,0,10
45,70,165,185,0,0,3
57,68,170,180,2,0,15
35,46,166,194,1,0,18
65,75,169,180,1,0,14
18,83,130,260,0,0,11
36,50,173,185,0,1,25
55,64,170,260,1,0,17
66,78,164,178,1,0,14
30,40,175,260,2,3,24
40,48,174,190,2,2,27
40,55,173,190,0,0,0
43,48,168,190,0,0,0
40,50,170,185,0,0,0
26,30,178,185,2,3,5
38,49,175,180,2,0,10
22,25,170,183,2,3,5
30,45,174,184,2,0,10
31,40,170,180,0,0,22
32,37,178,185,1,3,8
18,83,130,260,1,0,11
24,41,130,260,0,0,2
28,38,170,185,0,0,22
54,59,170,180,0,1,3
63,68,170,190,2,0,15
23,28,160,190,0,0,7
48,56,170,190,0,0,0
20,25,160,190,0,0,7
18,44,151,189,0,0,6
25,30,172,185,1,3,20
30,50,170,180,0,0,22
40,48,170,180,2,0,1
32,43,168,190,0,3,23
50,58,170,190,2,0,1
29,38,170,185,1,1,25
29,35,170,180,1,3,20
35,49,170,180,2,0,10
24,40,130,260,0,0,2
36,40,175,180,4,1,16
24,41,130,260,0,0,2
46,55,165,190,1,0,21
24,38,130,260,0,0,2
34,41,169,178,0,3,23
63,68,170,180,0,0,3
24,39,130,260,0,0,2
29,43,175,180,2,1,10
55,75,172,190,2,0,15
57,65,170,182,1,0,21
35,42,172,260,2,0,12
30,40,175,185,0,3,23
23,42,155,190,0,0,6
56,68,165,180,1,0,21
34,40,166,180,2,3,27
18,38,150,185,0,0,6
26,33,172,180,1,3,20
47,53,170,180,2,0,1
20,25,160,190,0,0,7
33,41,177,178,0,0,22
25,28,178,190,2,3,5
24,38,130,260,0,0,2
44,54,160,260,0,0,12
35,55,170,185,2,0,1
38,50,160,190,1,3,8
63,83,130,260,0,0,28
23,30,167,180,1,0,7
48,55,175,176,1,0,21
40,46,170,180,1,0,18
23,28,160,190,0,0,7
22,27,160,190,0,0,7
35,42,173,188,2,3,27
32,40,175,190,2,0,10
26,32,175,185,0,0,22
18,83,130,260,0,0,11
45,55,170,182,0,0,0
21,26,160,190,0,0,7
40,48,167,185,1,0,18
24,35,168,180,0,3,13
24,40,130,260,0,0,2
26,36,175,185,2,3,5
41,68,168,184,0,0,0
18,83,130,260,0,0,11
24,39,130,260,0,0,2
25,30,160,190,0,0,7
30,45,172,182,0,0,22
32,45,172,186,2,0,10
50,60,170,183,1,0,21
45,59,165,190,0,0,0
24,38,130,260,0,0,2
24,38,130,260,0,0,2
35,42,175,186,2,3,27
20,27,162,190,0,0,7
24,40,130,260,0,0,2
32,38,168,175,2,3,27
49,59,168,178,1,0,21
28,45,175,184,2,0,10
18,23,160,190,0,0,7
58,64,165,172,1,0,21
47,52,165,175,2,0,1
42,52,170,178,0,0,0
28,38,173,190,0,0,22
25,32,168,185,2,3,5
59,83,168,188,2,0,15
44,58,168,180,1,0,21
24,29,160,190,0,0,7
25,33,170,185,2,3,5
22,25,160,175,1,3,20
40,48,168,172,1,0,18
24,40,130,260,0,0,2
25,35,170,185,2,3,5
22,24,160,165,0,3,13
34,40,170,180,1,3,8
38,48,173,183,1,1,18
24,41,130,260,0,0,2
42,51,165,190,1,0,18
44,54,170,180,1,0,21
40,50,170,180,1,0,18
24,31,178,183,1,3,20
40,55,165,180,0,0,0
28,36,170,180,0,3,13
24,39,130,260,0,0,2
20,25,175,180,0,0,7
21,26,160,190,0,0,7
30,50,170,190,2,3,27
26,36,170,180,0,0,22
34,43,173,190,2,3,27
29,46,172,185,0,0,22
25,30,175,180,2,3,5
24,58,130,260,0,0,2
24,39,130,260,0,0,2
54,68,165,180,1,0,21
48,58,170,190,2,0,1
21,26,160,190,0,0,7
24,34,167,187,4,3,4
24,34,165,185,0,0,7
33,48,170,185,1,0,18
21,28,171,190,2,0,10
45,55,165,190,0,0,0
45,55,170,190,1,0,21
48,60,176,200,2,0,1
24,28,180,192,2,3,5
29,83,130,260,1,3,26
24,38,130,260,0,0,2
20,25,160,190,0,0,7
24,41,130,260,0,0,2
42,50,170,185,1,0,18
39,45,170,178,0,0,22
55,65,175,180,1,0,21
55,60,172,185,0,0,3
53,59,170,200,2,0,15
38,57,167,180,1,0,18
36,45,170,185,0,0,22
23,46,130,260,0,0,2
23,33,162,182,0,0,7
40,48,165,170,0,0,0
56,66,130,260,2,0,28
24,38,130,260,0,0,2
24,40,130,260,0,0,2
30,40,170,180,0,1,25
47,58,165,185,0,0,0
23,26,168,180,1,3,20
44,55,170,198,0,0,0
50,60,170,183,1,1,21
29,40,168,172,2,3,27
33,45,168,190,1,3,8
30,42,175,190,4,3,4
28,35,170,180,1,3,20
18,83,165,172,0,0,9
24,34,175,189,2,3,5
23,35,173,191,0,3,13
30,40,165,185,0,0,22
28,35,170,180,2,3,5
60,65,165,185,0,0,3
46,55,168,176,1,0,21
54,64,168,188,0,0,3
51,67,168,177,2,0,15
18,83,170,186,2,3,9
48,62,170,178,1,0,21
31,45,165,260,0,0,12
24,39,130,260,0,0,2
45,50,173,185,2,1,1
30,40,172,185,0,0,22
73,80,164,178,1,0,14
20,30,163,183,1,3,20
23,33,165,185,0,0,7
51,65,170,180,2,0,15
28,45,168,185,0,0,22
24,34,167,187,0,0,7
23,83,170,175,2,3,9
60,83,170,190,1,0,14
60,65,173,193,2,1,15
45,58,175,190,2,0,1
21,31,165,185,0,0,7
21,31,175,185,1,3,20
29,40,170,180,2,0,10
24,38,130,260,0,0,2
38,45,173,193,1,1,18
24,34,155,175,0,3,13
35,40,170,180,2,1,10
36,46,170,180,2,1,10
18,83,130,260,0,0,11
20,30,169,192,0,0,7
64,74,170,190,0,0,14
24,29,176,190,2,3,5
27,35,170,180,2,3,5
74,83,168,180,1,0,14
33,37,177,185,2,3,27
42,50,165,172,2,3,27
58,66,170,183,2,0,15
45,50,168,175,0,0,0
25,36,171,260,0,0,12
33,40,172,180,0,0,22
24,41,130,260,0,0,2
37,83,170,186,4,3,4
23,42,155,190,0,0,6
33,45,175,185,2,1,10
49,60,168,180,1,0,21
28,34,175,187,2,3,5
30,39,172,185,0,0,22
45,55,170,180,1,0,21
48,60,170,183,2,0,1
25,35,170,190,0,3,13
50,99,170,180,1,0,14
20,28,175,187,1,0,7
48,60,165,180,1,0,21
29,36,175,189,0,0,22
30,40,175,180,2,3,27
35,45,167,185,0,0,22
40,42,168,178,0,0,22
58,66,170,200,1,0,21
23,28,170,180,2,3,5
25,40,165,185,0,3,13
28,45,172,184,2,1,10
20,30,174,194,0,0,7
64,66,175,180,1,1,14
60,70,172,182,0,1,3
48,54,175,190,1,0,21
28,38,168,178,0,1,25
45,83,130,260,0,0,28
24,26,170,180,1,3,20
18,83,130,260,0,0,11
23,33,174,180,2,0,10
37,45,172,178,2,0,10
57,69,170,188,0,0,3
24,42,130,260,0,0,2
32,40,165,175,1,3,8
25,40,170,180,0,3,13
33,45,173,200,1,0,18
47,59,170,190,0,1,0
24,38,130,260,0,0,2
50,60,168,180,1,0,21
63,71,168,180,0,0,3
46,83,168,180,2,0,15
28,40,165,182,0,3,23
26,32,169,189,0,0,7
22,25,175,185,0,3,13
18,83,170,180,1,3,9
20,30,161,181,0,0,7
24,34,175,195,0,0,22
41,53,172,185,1,1,18
57,68,168,188,2,0,15
58,65,168,180,0,0,3
25,34,175,183,2,3,5
56,64,172,180,1,0,21
34,40,165,220,1,3,8
20,30,161,181,0,0,7
23,33,165,185,2,3,5
38,50,170,180,1,0,18
46,58,170,190,0,0,0
45,58,170,185,2,0,1
40,47,175,182,2,3,27
31,40,172,185,1,0,18
36,43,173,260,0,1,12
23,33,168,178,0,3,13
21,31,171,191,0,0,7
46,55,175,190,0,0,0
30,49,170,260,1,0,12
23,28,161,181,2,3,5
28,42,170,190,2,3,27
23,30,175,183,2,3,5
49,58,172,185,2,0,1
24,28,175,182,2,3,5
50,55,168,175,1,0,21
38,45,170,178,2,1,10
30,45,175,185,2,0,10
24,42,130,260,0,0,2
33,46,174,185,1,0,18
37,50,175,195,2,0,10
24,34,171,191,0,0,7
48,58,170,179,0,0,0
36,48,170,195,2,0,10
22,32,171,191,0,0,7
45,55,165,185,0,0,0
35,47,168,180,1,0,18
30,46,168,180,0,0,22
21,31,170,185,0,3,13
34,48,170,178,2,0,10
34,43,175,185,1,3,8
25,71,130,260,0,0,11
40,55,170,180,2,0,1
51,55,165,175,0,0,0
24,38,130,260,0,0,2
37,50,172,192,0,0,0
47,55,170,190,2,0,1
55,68,171,191,1,0,21
26,35,172,179,2,3,5
28,41,169,183,0,3,23
30,36,170,175,0,0,22
30,40,172,180,1,0,18
55,60,163,178,2,0,15
19,20,175,188,2,3,5
36,45,176,180,0,0,22
35,55,170,187,0,0,0
50,63,170,260,0,0,17
56,60,160,175,0,0,3
22,30,175,186,2,3,5
24,34,170,186,2,3,5
32,40,174,180,1,1,25
25,45,170,185,2,0,10
40,50,170,190,1,0,18
24,39,130,260,0,0,2
28,42,174,193,2,3,27
26,36,161,181,1,3,20
35,50,175,185,1,0,18
29,38,174,180,1,0,18
43,50,170,183,2,0,1
38,46,173,185,2,0,10
24,34,175,195,0,0,22
43,48,170,175,2,1,1
24,38,130,260,0,0,2
30,45,170,185,1,0,18
24,40,130,260,0,0,2
19,23,162,172,0,3,13
35,45,171,191,2,1,10
27,37,170,178,1,3,20
30,40,175,185,2,3,27
40,50,170,178,1,0,18
38,40,170,194,1,0,18
60,68,173,188,0,0,3
18,83,130,260,0,0,11
35,42,175,195,2,1,10
50,65,172,190,0,0,3
25,35,175,195,0,0,22
24,40,130,260,0,0,2
25,35,178,198,2,3,5
28,43,166,186,1,3,8
38,48,170,180,1,0,18
38,50,168,188,0,0,0
40,55,170,188,1,0,18
37,48,168,197,0,0,0
25,35,165,185,2,3,5
42,60,170,190,1,0,21
23,45,160,190,0,0,6
24,40,130,260,0,0,2
25,83,166,260,0,0,17
22,63,130,260,0,0,11
28,35,170,180,2,3,5
21,27,176,183,2,3,5
57,68,168,180,0,0,3
18,83,130,260,0,0,11
32,42,165,185,0,0,22
37,48,172,185,2,0,10
34,45,175,185,2,1,10
24,39,130,260,0,0,2
53,60,168,178,1,0,21
40,65,165,181,0,0,0
38,53,173,190,1,0,18
34,48,170,185,1,0,18
52,62,174,182,0,0,3
33,45,170,200,2,1,10
21,26,175,185,2,3,5
27,34,173,180,0,3,13
37,41,172,180,2,3,27
35,45,170,185,2,0,10
40,50,168,188,2,0,1
24,33,175,187,4,3,4
37,50,168,179,0,0,0
22,25,178,185,2,3,5
28,39,172,180,1,3,8
45,59,166,186,0,0,0
63,70,170,180,1,0,14
50,65,170,260,1,0,17
48,55,168,180,0,2,0
33,43,176,185,0,1,25
25,35,168,188,0,0,7
22,27,160,190,0,0,7
25,32,175,185,2,3,5
46,54,174,190,2,0,1
31,40,170,180,2,3,27
62,68,170,182,1,0,14
24,38,130,260,0,0,2
24,42,130,260,0,0,2
30,45,170,178,0,0,22
45,56,170,187,1,0,21
22,27,160,190,0,0,7
24,39,130,260,0,0,2
25,35,175,186,0,0,22
23,29,176,186,0,3,13
30,60,168,178,0,0,0
24,34,165,185,0,3,13
35,47,174,190,1,0,18
24,39,130,260,0,0,2
24,41,130,260,0,0,2
55,60,174,180,1,0,21
38,48,175,182,2,0,10
68,75,172,190,0,0,14
64,70,170,180,1,1,14
36,46,178,190,2,0,10
43,55,165,182,1,1,18
26,27,176,186,1,3,20
36,42,172,185,2,0,10
23,33,173,193,2,3,5
31,45,171,181,0,0,22
46,83,170,260,1,0,17
21,31,168,188,0,0,7
58,66,172,181,2,0,15
25,30,160,190,0,0,7
50,60,172,180,0,0,3
21,31,174,190,2,3,5
50,64,174,185,1,0,21
22,27,175,180,2,3,5
22,27,160,190,0,0,7
29,49,168,201,2,0,10
40,49,165,180,4,1,16
35,55,170,175,1,0,18
44,50,170,190,2,0,1
26,36,170,190,0,0,22
39,57,163,177,2,0,1
31,48,172,185,1,3,8
23,42,155,190,0,0,6
33,42,175,186,2,1,10
50,56,170,180,0,0,0
42,52,170,175,1,0,18
42,55,170,185,1,0,18
34,45,175,190,1,3,8
38,48,175,188,2,0,10
33,39,170,180,2,3,27
35,48,173,193,2,0,10
27,39,165,180,0,2,13
46,50,164,177,0,0,0
35,45,165,185,2,3,27
32,38,178,185,2,0,10
23,32,181,195,1,3,20
51,60,170,188,1,0,21
24,42,130,260,0,0,2
25,35,172,189,0,3,13
24,38,130,260,0,0,2
64,75,168,260,0,0,17
24,38,130,260,0,0,2
37,42,170,187,1,3,8
23,33,165,185,0,3,13
22,28,170,185,1,3,20
18,83,130,260,0,3,26
25,32,170,178,1,3,20
21,31,171,181,0,0,7
27,32,177,190,2,3,5
62,70,173,183,0,0,3
34,40,175,188,2,3,27
23,33,165,185,1,3,20
24,28,175,185,0,3,13
35,45,170,180,1,1,25
42,58,160,190,0,0,0
28,40,172,192,2,3,27
40,50,170,185,2,0,1
18,83,170,190,2,0,9
39,45,170,185,2,0,10
27,37,163,183,1,3,20
35,45,170,185,1,0,18
55,65,168,180,1,0,21
43,55,175,194,1,0,18
45,58,130,260,2,1,28
22,32,169,189,0,0,7
55,65,170,180,1,2,21
23,28,175,185,1,3,20
73,78,169,180,1,1,14
50,58,173,177,1,0,21
18,83,180,200,0,3,9
36,45,170,180,2,1,10
35,40,170,178,1,1,25
24,40,130,260,0,0,2
31,46,170,185,1,3,8
25,35,167,187,0,0,7
22,32,165,185,0,0,7
24,34,175,195,0,0,22
45,58,168,190,0,0,0
22,30,171,191,2,3,5
38,45,175,190,0,3,23
24,38,130,260,0,0,2
25,35,167,187,0,0,7
24,41,130,260,0,0,2
24,29,175,185,2,3,5
22,23,181,260,0,3,24
51,58,172,185,2,0,1
22,26,173,180,1,3,20
55,65,165,185,1,1,21
28,38,170,175,2,3,27
35,42,168,178,0,0,22
23,42,155,190,0,0,6
25,35,175,183,1,3,20
37,49,170,180,1,0,18
24,42,130,260,0,0,2
31,37,175,190,2,3,27
35,41,175,260,0,3,24
25,35,175,199,2,3,5
55,67,168,185,1,1,21
35,45,178,189,0,0,22
58,68,170,190,0,0,3
27,34,175,185,0,3,13
20,35,170,185,2,0,10
22,32,161,181,0,0,7
38,43,173,193,2,1,10
26,30,173,175,0,3,13
22,30,170,185,1,3,20
33,49,168,188,2,0,10
35,45,170,180,0,0,22
60,70,170,185,1,0,14
22,32,178,187,0,0,7
33,38,175,185,1,0,18
37,42,168,188,0,0,22
18,83,170,190,2,0,9
24,39,130,260,0,0,2
23,30,170,178,2,3,5
38,45,170,182,1,0,18
27,35,170,180,0,3,13
38,48,168,176,1,1,18
25,35,164,184,0,3,13
35,50,172,187,1,1,18
28,32,172,175,0,3,13
22,32,170,185,2,3,5
32,40,170,185,1,0,18
25,29,175,183,2,3,5
32,39,175,200,2,3,27
58,74,169,187,2,0,15
32,43,168,190,2,3,27
20,35,170,197,2,0,10
45,60,165,175,0,0,0
40,50,170,180,2,1,1
70,75,170,180,1,2,14
24,39,130,260,0,0,2
40,50,172,192,0,0,0
27,30,170,180,2,3,5
35,48,168,190,0,0,22
33,43,172,179,0,0,22
26,35,178,188,2,3,5
38,43,173,183,2,3,27
23,28,172,190,1,3,20
78,83,168,180,1,0,14
32,40,165,185,2,3,27
41,50,172,180,2,0,1
40,48,170,175,2,1,10
27,45,172,192,0,0,22
24,41,130,260,0,0,2
50,60,173,183,0,0,3
25,31,170,181,1,3,20
31,43,170,183,1,0,18
26,29,175,185,0,3,13
24,39,130,260,0,0,2
50,65,165,180,0,0,3
25,31,180,190,2,3,5
31,53,170,194,2,0,10
48,61,158,181,0,0,0
50,58,170,190,1,0,21
23,25,172,180,1,3,20
35,48,172,190,2,3,27
32,37,175,185,1,1,25
49,58,165,190,0,0,0
44,54,168,190,0,0,0
22,32,172,185,2,3,5
23,33,173,183,2,3,5
24,34,171,183,2,0,10
65,83,130,260,0,0,28
32,40,168,175,1,3,8
30,39,170,185,1,3,8
37,45,170,185,0,0,22
33,46,130,260,0,0,2
67,74,165,175,0,2,14
